contents,date
"2010년 세계 역사상 최악의 해양 석유 유출 실화 <딥워터 호라이즌>  2017년 1월 25일 개봉 확정! 

2007년 삼성중공업 바지선에 의한 한국 최악의 태안 사고보다 62배 이상 기름 유출!

http://blog.naver.com/cinemaplus/220895607651 … pic.twitter.com/mQWt1xnjYt",2016-12-27
‘딥워터호라이즌’부터 ‘덩케르크’까지  실화 블록버스터가 뜬다! http://tenasia.hankyung.com/archives/1095862 …pic.twitter.com/ZikVR5HuN7,2016-12-28
2017년 극장가로 찾아노는 실화 블록버스터  ‘딥워터 호라이즌’ ‘핵소고지’ http://dam25.com/?p=414024 pic.twitter.com/hkm78rb8bw,2016-12-28
"다음달에 딥워터 호라이즌이라는 재난영화가 개봉하는데 주연이 마크 월버그이고 나는 마크 월버그에 대해 아는 것이 인종차별 범죄자라는 것 뿐이므로 영화를 안 볼 거시다.
http://naver.me/Fh3RVXRo ",2016-12-28
지하철에서 딥워터 호라이즌 예고편 나온다!!!!!!!!!!!,2016-12-28
헐 딥워터 호라이즌 1월 25일 개봉이네 내년에 딜런도 볼 수 있어,2016-12-28
"딥워터 호라이즌 1월25일 개봉!!
케일럽/딜런 오브라이언 pic.twitter.com/Mqbquncmas",2016-12-29
영화 딥워터 호라이즌 예고편 보고나서 판도라 예고편을 다시 봤는데 하.... 특수효과 너무 비교된다 ㅋㅋㅋㅋㅋㅋ,2016-12-29
[딥워터 호라이즌] 2017년 2월 개봉예정 해양 재난 영화 전단지입니다. http://blog.naver.com/artgihun/220898586976 …,2016-12-30
딥워터 호라이즌 http://oneringtrailers.com?m=100643oneringtrailers.com/?m=100643  http://youtu.be/ebXRp-fWy50  • 국내: 2017-01-25,2016-12-31
딥워터 호라이즌 예고를 하네. 1월 25일 개봉인듯. 영화는 망했다지만 딜런이 나오니까 일단 관심을...,2016-12-31
동영상을 @YouTube 재생목록 http://youtu.be/KmqtsP2HzDs?a  [2차 공식 영화예고편] 딥워터 호라이즌 DEEPWATER HORIZON 2016,2017-01-01
[딥워터 호라이즌] 메인 예고편: http://youtu.be/bCh74b57yEs?a  (@YouTube),2017-01-02
최악의 석유 유출 사건 ‘딥워터 호라이즌’  메인 포스터-예고편 공개 ‘눈길’ / 브레이크뉴스  http://www.breaknews.com/483261 ,2017-01-03
뭐임? 광고보는데 딥워터 호라이즌에 딜런 오브라이언 나오네..???????,2017-01-03
"실화 기반!
멕시코만에서 실제 벌어진 원유 유출 사고를 그린
실화 재난 블록버스터!

#딥워터호라이즌
#시선압도 메인 예고편 공개!!

<딥워터 호라이즌> 1월 25일 대개봉! http://fb.me/6TQDHPOmH ",2017-01-04
영화 ‘딥워터 호라이즌’  “전 세계가 주목한 사상 최악의 해양 재난” - 시사위크 http://fb.me/XIFo58ke ,2017-01-04
딥워터 호라이즌 개봉한다는거 왜 이제 알았는가 pic.twitter.com/u3T3rxbwMy,2017-01-04
"<A-event> 영화 <딥워터 호라이즌> 예매권 이벤트!

""2010년 4월 20일  전세계가 경악한 폭발사고 발생""
 
처참한 사고 현장에서 #삶 과 #죽음 을
오고 간 그들의 진짜 이야기!... http://fb.me/5vKKSLXPM ",2017-01-04
딥워터 호라이즌 드디어 개봉날짜 나왔어ㅠㅠㅠㅠㅠ 25일이라니 무조건 각이다,2017-01-04
계속 광고 나오는데 슬슬 딥워터 호라이즌이 트위터 호라이즌으로 보인다,2017-01-04
"1/11 얼라이드/어쌔신 크리드/반지 원정대/모아나
1/18 두개의 탑/단지 세상의 끝/블랙/술탄
1/25 딥워터 호라이즌/스노든/재키
2/1 라이언/사운드 오브 뮤직
2/9 샤룩칸의 팬

왜 왕의귀환을 안보냐 하면 프로도만 나오면 졸려서...",2017-01-04
[맥스무비 - 영화정보] 딥워터 호라이즌 http://m.maxmovie.com/movie/movie_info.asp?m_id=M000098555 …,2017-01-05
딥워터 호라이즌(Deepwater Horizon)... 피터 버그  마크 월버그  커트 러셀  케이트 허드슨... 실화를 바탕으로 한 볼만한 재난영화 http://noproblemmylife.tistory.com/1980 ,2017-01-05
몰랐눈데 딥워터 호라이즌에 딜런 나오더라,2017-01-06
"-[영화] 딥워터 호라이즌 (01월 08일 까지)
참여하기 > 아레나옴므플러스코리아 ( http://evnt.ga/3710  )",2017-01-06
강렬한 스릴+블록버스터의 스케일! '딥워터 호라이즌 Deepwater Horizon' 예고편: http://youtu.be/ujEbJIVhuU0?a ,2017-01-06
"[EVNET] ""2010년 4월 20일  전세계가 경악한 폭발사고 발생""
처참한 사고 현장에서 #삶 과 #죽음 을
오고 간 그들의 진짜 이야기!
 
<딥워터 호라이즌>의 메인 예고편을 공유하고
어려운... http://fb.me/5dahQUE1S ",2017-01-06
딥워터 호라이즌 보는데 딜런 오브라이언 빼고 다 나이가..  ,2017-01-06
딥워터 호라이즌 무료보기 - http://heymid.com/%eb%94%a5%ec%9b%8c%ed%84%b0-%ed%98%b8%eb%9d%bc%ec%9d%b4%ec%a6%8c-%eb%ac%b4%eb%a3%8c%eb%b3%b4%ea%b8%b0/ …pic.twitter.com/LUESXHmhAZ,2017-01-07
동영상을 @YouTube 재생목록 http://youtu.be/IhxJ0LEdQPw?a  딥워터 호라이즌 (Deepwater Horizon  2016) - 영화에,2017-01-07
딥워터호라이즌 개봉만ㄴ을 기다리는 나날,2017-01-07
[딥워터 호라이즌] 딥워터 호라이즌의 포스터입니다.2017년 새해 첫 호러영화입니다. (출처 :  괴수의왕 .. | http://blog.naver.com/artgihun/220905054089 … 블로그) http://naver.me/5gCGBdnN ,2017-01-07
딥워터 호라이즌 (Deepwater Horizon  2016) - 영화: http://youtu.be/IhxJ0LEdQPw?a  (@YouTube),2017-01-07
딥워터 호라이즌 (Deepwater Horizon  2016  액션  드라마) #딥워터호라이즌 #딥워터호라이즌다시보기,2017-01-07
동영상을 @YouTube 재생목록 http://youtu.be/CD7NZuE7g2c?a  딥워터 호라이즌 (Deepwater Horizon  2016)`` - 영화에,2017-01-08
#딥워터_호라이즌  ＇딥워터 호라이즌＇ 사상 최악의 석유 유출 사건  ¨시멘트가 부실하면 그 위로 다 박살나요¨ http://www.1go.co.kr/bbs/board.php?bo_table=topic&wr_id=5598 … @1gokr 님이 공유,2017-01-08
딥워터 호라이즌에 딜런나옴?,2017-01-08
딥워터 호라이즌의 주연... 마크 윌버그.... 최악의 쓰레기.. 더러운 인종차별주의자..... 극장가서 보기에는 너무 추접한 배우...,2017-01-08
영화는 충실히 실제사건에 기초하고 있다. 이 영화는 쥐어짜내는 듯한 감동 혹은 영웅의 행동을 보여주지 않는다. 주인... <딥워터 호라이즌> #왓챠 http://watcha.net/movies/mqgt4k?unique_id=mqgt4k …,2017-01-08
[당첨자 발표] 영화 <얼라이드> / 영화 <딥워터 호라이즌> 예매권 이벤트 http://fb.me/XQDCxEMh ,2017-01-09
[이벤트] 남성전문 전시 <코엑스 맨즈쇼> 스마트보드  VR의 행운을!  최악의 해양재난 <딥워터 호라이즌>  새로운 SF <컨택트> 시사회 이벤트 https://goo.gl/CZLZrk  #보배드림 #이벤트 #시사회 #코엑스 #맨즈쇼,2017-01-09
딥워터 호라이즌 2016 다시보기 :: 링크티비 Link TV http://linktv.us/cast/tv_last/663521/class_no/4/%EB%94%A5%EC%9B%8C%ED%84%B0-%ED%98%B8%EB%9D%BC%EC%9D%B4%EC%A6%8C-%EB%8B%A4%EC%8B%9C%EB%B3%B4%EA%B8%B0/tab_no/0/page/1 …,2017-01-09
"누구도 예상하지 못했던
사상 최악의 해양 #재난

영화 <딥워터 호라이즌> 시사회 이벤트! (~01/15)

<딥워터 호라이즌>의 메인 예고편을 감상 하시고
공유 + 같이 보고 싶은 친구를 @소환해주세요... http://fb.me/5V2LS1o5K ",2017-01-09
<무비프리 이벤트> 딥워터 호라이즌  Deepwater Horizon 필수 엔터테인먼트 앱  무비프리와 함께 프리하고 즐거운 문화생활을 즐겨보세.. http://app.moviepre.co.kr  pic.twitter.com/iAPW5HzHDE,2017-01-09
딥워터 호라이즌 본당,2017-01-09
<무비프리 이벤트> 딥워터 호라이즌  Deepwater Horizon 필수 엔터테인먼트 앱  무비프리와 함께 프리하고 즐거운 문화생활을 즐겨보세.. http://app.moviepre.co.kr  pic.twitter.com/t7BLcPDMtF,2017-01-09
딥워터 호라이즌 http://oneringtrailers.com?m=100643oneringtrailers.com/?m=100643  http://youtu.be/ykxmzrJsnPY  • 국내: 2017-01-25,2017-01-10
영화<딥워터 호라이즌>예매권 이벤트 http://fb.me/8lhxM4o0k ,2017-01-10
[이벤트] 시리즈최종편<레지던트이블> 해양재난<딥워터호라이즌> 새로운SF<컨택트> 최고의 화제작 시사회 이벤트! https://goo.gl/CZLZrk  #보배드림 #이벤트 #시사회 #레지던트이블 #딥워터호라이즌 #컨택트,2017-01-10
<무비프리 이벤트> 딥워터 호라이즌  Deepwater Horizon 필수 엔터테인먼트 앱  무비프리와 함께 프리하고 즐거운 문화생활을 즐겨보세.. http://app.moviepre.co.kr  pic.twitter.com/tcySUC8O93,2017-01-10
"내가 꼭 봐야하는것
틴울프 시즌6
아메리칸어쌔신
딥워터 호라이즌
++메이즈러너 데스큐어(2018)

다 딜런 나옴 ㅋ pic.twitter.com/oqhbBZI5rl",2017-01-10
거대한 시추선 폭발 그대로 재현...긴박감 넘친 재난 영화 '딥워터 호라이즌' http://i.wik.im/288338  #딥워터호라이즌pic.twitter.com/rTtgHSPpJX,2017-01-10
"-의상-
얼라이드
신비한 동물사전
플로렌스
재키
라라랜드

-분장-
플로렌스
닥터 스트레인지
핵소 고지
녹터널 애니멀스
로그 원: 스타워즈 스토리

-사운드-
컨택트
딥워터 호라이즌
신비한 동물사전
핵소 고지
라라랜드",2017-01-10
<무비프리 이벤트> 딥워터 호라이즌  Deepwater Horizon 필수 엔터테인먼트 앱  무비프리와 함께 프리하고 즐거운 문화생활을 즐겨보세.. http://app.moviepre.co.kr  pic.twitter.com/OcI9fVzMXm,2017-01-10
<무비프리 이벤트> 딥워터 호라이즌  Deepwater Horizon 필수 엔터테인먼트 앱  무비프리와 함께 프리하고 즐거운 문화생활을 즐겨보세.. http://app.moviepre.co.kr  pic.twitter.com/BEtlJZGP26,2017-01-10
<무비프리 이벤트> 딥워터 호라이즌  Deepwater Horizon 필수 엔터테인먼트 앱  무비프리와 함께 프리하고 즐거운 문화생활을 즐겨보세.. http://app.moviepre.co.kr  pic.twitter.com/Hq4CdsK9dc,2017-01-10
<무비프리 이벤트> 딥워터 호라이즌  Deepwater Horizon 필수 엔터테인먼트 앱  무비프리와 함께 프리하고 즐거운 문화생활을 즐겨보세.. http://app.moviepre.co.kr  pic.twitter.com/O3PFgkCIUb,2017-01-10
<무비프리 이벤트> 딥워터 호라이즌  Deepwater Horizon 필수 엔터테인먼트 앱  무비프리와 함께 프리하고 즐거운 문화생활을 즐겨보세.. http://app.moviepre.co.kr  pic.twitter.com/FZIlf2g38H,2017-01-10
<무비프리 이벤트> 딥워터 호라이즌  Deepwater Horizon 필수 엔터테인먼트 앱  무비프리와 함께 프리하고 즐거운 문화생활을 즐겨보세.. http://app.moviepre.co.kr  pic.twitter.com/ZZFpH6KoY9,2017-01-10
<무비프리 이벤트> 딥워터 호라이즌  Deepwater Horizon 필수 엔터테인먼트 앱  무비프리와 함께 프리하고 즐거운 문화생활을 즐겨보세.. http://app.moviepre.co.kr  pic.twitter.com/our2y2AQjU,2017-01-10
<무비프리 이벤트> 딥워터 호라이즌  Deepwater Horizon 필수 엔터테인먼트 앱  무비프리와 함께 프리하고 즐거운 문화생활을 즐겨보세.. http://app.moviepre.co.kr  pic.twitter.com/RFWYVpOIB0,2017-01-10
<무비프리 이벤트> 딥워터 호라이즌  Deepwater Horizon 필수 엔터테인먼트 앱  무비프리와 함께 프리하고 즐거운 문화생활을 즐겨보세.. http://app.moviepre.co.kr  pic.twitter.com/uM6Te5GfoL,2017-01-10
 딥워터 호라이즌 Deepwater Horizon http://blog.naver.com/jade104/220908907948 …,2017-01-11
딥워터 호라이즌이 트위터 호라이즌으로 보였다,2017-01-11
그거 딥워터 호라이즌. 이거 말하는거지ㅋㅋ? pic.twitter.com/vDImNnNtMZ,2017-01-11
?뭔데 아메리칸 어쌔신? 딥워터 호라이즌?,2017-01-11
"딥워터 호라이즌 딜런 나오는거 알았지만 재난영화에다 딱히 딜런 분량 많지 않아보여서 볼 생각 없었는데.....
음 예고편 또 보니 생각이 바뀌네ㅋㅋㅋ",2017-01-11
<무비프리 이벤트> 딥워터 호라이즌  Deepwater Horizon 필수 엔터테인먼트 앱  무비프리와 함께 프리하고 즐거운 문화생활을 즐겨보세.. http://app.moviepre.co.kr  pic.twitter.com/aBn4OodL3w,2017-01-11
딥워터 호라이즌이라는 재난영화 광고에서 딜런을 본것같았는데 맞아따ㅇ0ㅇ 개봉하면 보러가야지 저런 영화 쫌 약하지만....,2017-01-11
ㅋㅋㅋㅋㅋㅋ딥워터 호라이즌... 이거 진짜 꼭 보고시퍼...8ㅁ8)) 넘 섹시하궁..(ㅎㅁㅎ,2017-01-11
<무비프리 이벤트> 딥워터 호라이즌  Deepwater Horizon 필수 엔터테인먼트 앱  무비프리와 함께 프리하고 즐거운 문화생활을 즐겨보세.. http://app.moviepre.co.kr  pic.twitter.com/pOjF3Eb8c0,2017-01-11
 딥워터 호라이즌 Deepwater Horizon http://blog.naver.com/jade104/220908906884 …,2017-01-11
<무비프리 이벤트> 딥워터 호라이즌  Deepwater Horizon 필수 엔터테인먼트 앱  무비프리와 함께 프리하고 즐거운 문화생활을 즐겨보세.. http://app.moviepre.co.kr  pic.twitter.com/kY5HKBh9YA,2017-01-11
<무비프리 이벤트> 딥워터 호라이즌  Deepwater Horizon 필수 엔터테인먼트 앱  무비프리와 함께 프리하고 즐거운 문화생활을 즐겨보세.. http://app.moviepre.co.kr  pic.twitter.com/SJJvdvbzLa,2017-01-11
<무비프리 이벤트> 딥워터 호라이즌  Deepwater Horizon 필수 엔터테인먼트 앱  무비프리와 함께 프리하고 즐거운 문화생활을 즐겨보세.. http://app.moviepre.co.kr  pic.twitter.com/Q7LCCS3DDM,2017-01-11
<무비프리 이벤트> 딥워터 호라이즌  Deepwater Horizon 필수 엔터테인먼트 앱  무비프리와 함께 프리하고 즐거운 문화생활을 즐겨보세.. http://app.moviepre.co.kr  pic.twitter.com/RMPExoiKdH,2017-01-11
<무비프리 이벤트> 딥워터 호라이즌  Deepwater Horizon 필수 엔터테인먼트 앱  무비프리와 함께 프리하고 즐거운 문화생활을 즐겨보세.. http://app.moviepre.co.kr  pic.twitter.com/GHIkjQ42Yh,2017-01-11
<무비프리 이벤트> 딥워터 호라이즌  Deepwater Horizon 필수 엔터테인먼트 앱  무비프리와 함께 프리하고 즐거운 문화생활을 즐겨보세.. http://app.moviepre.co.kr  pic.twitter.com/wVKn9CyzdB,2017-01-11
<무비프리 이벤트> 딥워터 호라이즌  Deepwater Horizon 필수 엔터테인먼트 앱  무비프리와 함께 프리하고 즐거운 문화생활을 즐겨보세.. http://app.moviepre.co.kr  pic.twitter.com/uyN5Xu07Rp,2017-01-11
<무비프리 이벤트> 딥워터 호라이즌  Deepwater Horizon 필수 엔터테인먼트 앱  무비프리와 함께 프리하고 즐거운 문화생활을 즐겨보세.. http://app.moviepre.co.kr  pic.twitter.com/2tLHKdYAUo,2017-01-11
<무비프리 이벤트> 딥워터 호라이즌  Deepwater Horizon 필수 엔터테인먼트 앱  무비프리와 함께 프리하고 즐거운 문화생활을 즐겨보세.. http://app.moviepre.co.kr  pic.twitter.com/ss0C0hjaRf,2017-01-11
<무비프리 이벤트> 딥워터 호라이즌  Deepwater Horizon 필수 엔터테인먼트 앱  무비프리와 함께 프리하고 즐거운 문화생활을 즐겨보세.. http://app.moviepre.co.kr  pic.twitter.com/DqJbsdKogk,2017-01-11
<무비프리 이벤트> 딥워터 호라이즌  Deepwater Horizon 필수 엔터테인먼트 앱  무비프리와 함께 프리하고 즐거운 문화생활을 즐겨보세.. http://app.moviepre.co.kr  pic.twitter.com/7AOCmiIshz,2017-01-11
<무비프리 이벤트> 딥워터 호라이즌  Deepwater Horizon 필수 엔터테인먼트 앱  무비프리와 함께 프리하고 즐거운 문화생활을 즐겨보세.. http://app.moviepre.co.kr  pic.twitter.com/T77gc8jdmR,2017-01-11
<무비프리 이벤트> 딥워터 호라이즌  Deepwater Horizon 필수 엔터테인먼트 앱  무비프리와 함께 프리하고 즐거운 문화생활을 즐겨보세.. http://app.moviepre.co.kr  pic.twitter.com/el9XsNvPmj,2017-01-11
[이벤트] 마크 윌버그X딜런 오브라이언 주연 영화 <딥워터 호라이즌> 기대평 남기고 시사회 가자! http://blog.naver.com/duddjw1004/220909249521 …,2017-01-12
[맥스무비 - 영화정보] 딥워터 호라이즌 http://m.maxmovie.com/movie/movie_info.asp?m_id=M000098555 …,2017-01-12
#문화충전200% [초대] 시사회 #딥워터 호라이즌 재난영화 기대작_1 19_메박코엑스 : 네이버 카페 (출처 : 문화충전200%(문화를 사랑하는 사람들) | 네이버 카페) http://naver.me/xuoxeuSh ,2017-01-12
[시사회 초대 이벤트] 딥워터 호라이즌 시사회에 이웃분들을 초대합니다(~1/15) http://jins3112.blog.me/220909836067 ,2017-01-12
"★휴메트로 [딥워터 호라이즌] 이벤트★
좋아요!+공유하기+댓글(실명 연락처끝4자리)을 남겨주세요^____^
꼭 참석하실 분만 신청하세요.^^ 당첨자 신분증 확인합니다.^^ 
*당첨자는 답글 또는 메세지를... http://fb.me/8fVfJoz4l ",2017-01-12
<무비프리 이벤트> 딥워터 호라이즌  Deepwater Horizon 필수 엔터테인먼트 앱  무비프리와 함께 프리하고 즐거운 문화생활을 즐겨보세.. http://app.moviepre.co.kr  pic.twitter.com/0rOWxt2N4n,2017-01-12
<무비프리 이벤트> 딥워터 호라이즌  Deepwater Horizon 필수 엔터테인먼트 앱  무비프리와 함께 프리하고 즐거운 문화생활을 즐겨보세.. http://app.moviepre.co.kr  pic.twitter.com/4SAwrTvGpd,2017-01-12
[신세계몰] [1월] 딥워터 호라이즌 http://ssg.li/9bh6T ,2017-01-13
[딥워터 호라이즌] 딥워터 호라이즌 티켓발권기의 영화포스터와 예고편입니다. (출처 :  괴수의왕 .. | http://blog.naver.com/artgihun/220910147647 … 블로그) http://naver.me/FVhYeCEj ,2017-01-13
<무비프리 이벤트> 딥워터 호라이즌  Deepwater Horizon 필수 엔터테인먼트 앱  무비프리와 함께 프리하고 즐거운 문화생활을 즐겨보세.. http://app.moviepre.co.kr  pic.twitter.com/yAbnpriOeV,2017-01-13
요새 기다리는 개봉작은 딥워터호라이즌과 콘택트 정도인듯. 딥워터 미국 흥행 성적이 막 좋진 않은데 그렇다고 막 나쁘지도 않고 적당+평도 적당이었던 거 같아서 나도 적당한 마음가짐으로 기다리고 있다.,2017-01-13
딥워터 호라이즌 멕시코만이었나? 그 심해 기름유출사건 그건가보네... 마크 월버그 싫은데ㅡㅜ 딜런은 좋고ㅡㅜ,2017-01-13
시발 딥워터 호라이즌 개봉하는구나 우리나라에서 개봉안할까봐 걱ㄱ정햇는데ㅜ,2017-01-13
"눈으로 보고서도 믿기지 않는 #실화_블록버스터
그 누구도 예측하지 못한 사고 
삶과 죽음 사이에서 우린 살아남아야만 한다
<딥워터 호라이즌> 사투 예고편 최초공개
*자세히 보기: https://goo.gl/GJnqna  pic.twitter.com/JVU60QKZty",2017-01-13
딥워터 호라이즌이요!,2017-01-13
<무비프리 이벤트> 딥워터 호라이즌  Deepwater Horizon 필수 엔터테인먼트 앱  무비프리와 함께 프리하고 즐거운 문화생활을 즐겨보세.. http://app.moviepre.co.kr  pic.twitter.com/UUQqgY1sTJ,2017-01-13
<무비프리 이벤트> 딥워터 호라이즌  Deepwater Horizon 필수 엔터테인먼트 앱  무비프리와 함께 프리하고 즐거운 문화생활을 즐겨보세.. http://app.moviepre.co.kr  pic.twitter.com/JMEMj0IcbL,2017-01-13
<무비프리 이벤트> 딥워터 호라이즌  Deepwater Horizon 필수 엔터테인먼트 앱  무비프리와 함께 프리하고 즐거운 문화생활을 즐겨보세.. http://app.moviepre.co.kr  pic.twitter.com/YZdPgMy03I,2017-01-13
<무비프리 이벤트> 딥워터 호라이즌  Deepwater Horizon 필수 엔터테인먼트 앱  무비프리와 함께 프리하고 즐거운 문화생활을 즐겨보세.. http://app.moviepre.co.kr  pic.twitter.com/r6plSteEnp,2017-01-13
<무비프리 이벤트> 딥워터 호라이즌  Deepwater Horizon 필수 엔터테인먼트 앱  무비프리와 함께 프리하고 즐거운 문화생활을 즐겨보세.. http://app.moviepre.co.kr  pic.twitter.com/9zbODAEmv5,2017-01-13
<무비프리 이벤트> 딥워터 호라이즌  Deepwater Horizon 필수 엔터테인먼트 앱  무비프리와 함께 프리하고 즐거운 문화생활을 즐겨보세요!.  http://app.moviepre.co.kr  pic.twitter.com/RouPycN60e,2017-01-13
<무비프리 이벤트> 딥워터 호라이즌  Deepwater Horizon 필수 엔터테인먼트 앱  무비프리와 함께 프리하고 즐거운 문화생활을 즐겨보세.. http://app.moviepre.co.kr  pic.twitter.com/Q2DScUZt8a,2017-01-13
<무비프리 이벤트> 딥워터 호라이즌  Deepwater Horizon 필수 엔터테인먼트 앱  무비프리와 함께 프리하고 즐거운 문화생활을 즐겨보세.. http://app.moviepre.co.kr  pic.twitter.com/U0lVbh8Wk2,2017-01-13
<무비프리 이벤트> 딥워터 호라이즌  Deepwater Horizon 필수 엔터테인먼트 앱  무비프리와 함께 프리하고 즐거운 문화생활을 즐겨보세.. http://app.moviepre.co.kr  pic.twitter.com/z4XWKiFxpv,2017-01-13
<무비프리 이벤트> 딥워터 호라이즌  Deepwater Horizon 필수 엔터테인먼트 앱  무비프리와 함께 프리하고 즐거운 문화생활을 즐겨보세.. http://app.moviepre.co.kr  pic.twitter.com/qHe1B4OC4V,2017-01-13
<무비프리 이벤트> 딥워터 호라이즌  Deepwater Horizon 필수 엔터테인먼트 앱  무비프리와 함께 프리하고 즐거운 문화생활을 즐겨보세.. http://app.moviepre.co.kr  pic.twitter.com/90HOGZYwT6,2017-01-13
<무비프리 이벤트> 딥워터 호라이즌  Deepwater Horizon 필수 엔터테인먼트 앱  무비프리와 함께 프리하고 즐거운 문화생활을 즐겨보세.. http://app.moviepre.co.kr  pic.twitter.com/oKAMDMiw31,2017-01-13
<무비프리 이벤트> 딥워터 호라이즌  Deepwater Horizon 필수 엔터테인먼트 앱  무비프리와 함께 프리하고 즐거운 문화생활을 즐겨보세요!.  http://app.moviepre.co.kr  pic.twitter.com/7qHAxwemVa,2017-01-13
<무비프리 이벤트> 딥워터 호라이즌  Deepwater Horizon 필수 엔터테인먼트 앱  무비프리와 함께 프리하고 즐거운 문화생활을 즐겨보세요!.  http://app.moviepre.co.kr  pic.twitter.com/tOpy9bk6Pm,2017-01-13
딥워터 호라이즌(Deepwater Horizon) (2017) http://blog.naver.com/joostangl/220910964619 …,2017-01-14
동영상을 @YouTube 재생목록 http://youtu.be/O1vMTsNuXN4?a  커밍순 '딥워터 호라이즌' by 접속무비월드에,2017-01-14
"&#39;딥워터 호라이즌&#39; 부천 상동 가장 핫한 룸싸롱

접대 모임 A급초이스
제니스 010 2279 0918
착한 가격 접대 룸살롱ㅣㅓㅓㅐSD

#부천룸클럽
#인천룸클럽
#부천룸
#인천룸
 mgil",2017-01-14
아 맞아 생각해보니까 딥워터 호라이즌 25일 개봉이야 작년부터 보고싶어서 개봉 언제하냐 난리챴는데,2017-01-14
<무비프리 이벤트> 딥워터 호라이즌  Deepwater Horizon 필수 엔터테인먼트 앱  무비프리와 함께 프리하고 즐거운 문화생활을 즐겨보세.. http://app.moviepre.co.kr  pic.twitter.com/9hPBaT0v1d,2017-01-14
[설리] 처럼 거장의 손길이 촘촘히 배어있는 한편은 아니지만 재난영화로서는긴박하게 잘 만들었음. 환경친화적 메시지도... <딥워터 호라이즌> #왓챠 http://watcha.net/movies/mqgt4k?unique_id=mqgt4k …,2017-01-14
딥워터 호라이즌.. 예고편 뭔가 기승전신파의 느낌이 나지만 외화니까 제발 아니길 빌어본다 한국 영화를 답습하지 마..,2017-01-14
딥워터 호라이즌을 트위터 호라이즌으로 봤다,2017-01-14
커밍순 '딥워터 호라이즌' by 접속무비월드: http://youtu.be/O1vMTsNuXN4?a  via @YouTube,2017-01-14
<무비프리 이벤트> 딥워터 호라이즌  Deepwater Horizon 필수 엔터테인먼트 앱  무비프리와 함께 프리하고 즐거운 문화생활을 즐겨보세.. http://app.moviepre.co.kr  pic.twitter.com/m10nKfkYGm,2017-01-14
<무비프리 이벤트> 딥워터 호라이즌  Deepwater Horizon 필수 엔터테인먼트 앱  무비프리와 함께 프리하고 즐거운 문화생활을 즐겨보세.. http://app.moviepre.co.kr  pic.twitter.com/Jv8LabnaKr,2017-01-14
<무비프리 이벤트> 딥워터 호라이즌  Deepwater Horizon 필수 엔터테인먼트 앱  무비프리와 함께 프리하고 즐거운 문화생활을 즐겨보세.. http://app.moviepre.co.kr  pic.twitter.com/0nYu6glJTJ,2017-01-14
<무비프리 이벤트> 딥워터 호라이즌  Deepwater Horizon 필수 엔터테인먼트 앱  무비프리와 함께 프리하고 즐거운 문화생활을 즐겨보세.. http://app.moviepre.co.kr  pic.twitter.com/lEBzvhiMXP,2017-01-14
<무비프리 이벤트> 딥워터 호라이즌  Deepwater Horizon 필수 엔터테인먼트 앱  무비프리와 함께 프리하고 즐거운 문화생활을 즐겨보세.. http://app.moviepre.co.kr  pic.twitter.com/wspyhLpYec,2017-01-14
<무비프리 이벤트> 딥워터 호라이즌  Deepwater Horizon 필수 엔터테인먼트 앱  무비프리와 함께 프리하고 즐거운 문화생활을 즐겨보세.. http://app.moviepre.co.kr  pic.twitter.com/nvZw3xL248,2017-01-14
<무비프리 이벤트> 딥워터 호라이즌  Deepwater Horizon 필수 엔터테인먼트 앱  무비프리와 함께 프리하고 즐거운 문화생활을 즐겨보세.. http://app.moviepre.co.kr  pic.twitter.com/yOoQQXSDNI,2017-01-14
<무비프리 이벤트> 딥워터 호라이즌  Deepwater Horizon 필수 엔터테인먼트 앱  무비프리와 함께 프리하고 즐거운 문화생활을 즐겨보세.. http://app.moviepre.co.kr  pic.twitter.com/9qEIWvPRq7,2017-01-14
<무비프리 이벤트> 딥워터 호라이즌  Deepwater Horizon 필수 엔터테인먼트 앱  무비프리와 함께 프리하고 즐거운 문화생활을 즐겨보세.. http://app.moviepre.co.kr  pic.twitter.com/J2aoNK326O,2017-01-14
<무비프리 이벤트> 딥워터 호라이즌  Deepwater Horizon 필수 엔터테인먼트 앱  무비프리와 함께 프리하고 즐거운 문화생활을 즐겨보세.. http://app.moviepre.co.kr  pic.twitter.com/4A0XqRXjET,2017-01-14
<무비프리 이벤트> 딥워터 호라이즌  Deepwater Horizon 필수 엔터테인먼트 앱  무비프리와 함께 프리하고 즐거운 문화생활을 즐겨보세.. http://app.moviepre.co.kr  pic.twitter.com/VJEeOKuDFb,2017-01-14
<무비프리 이벤트> 딥워터 호라이즌  Deepwater Horizon 필수 엔터테인먼트 앱  무비프리와 함께 프리하고 즐거운 문화생활을 즐겨보세.. http://app.moviepre.co.kr  pic.twitter.com/QAlnzQivtv,2017-01-14
<무비프리 이벤트> 딥워터 호라이즌  Deepwater Horizon 필수 엔터테인먼트 앱  무비프리와 함께 프리하고 즐거운 문화생활을 즐겨보세.. http://app.moviepre.co.kr  pic.twitter.com/PKkpVY6V6s,2017-01-14
<무비프리 이벤트> 딥워터 호라이즌  Deepwater Horizon 필수 엔터테인먼트 앱  무비프리와 함께 프리하고 즐거운 문화생활을 즐겨보세요!.  http://app.moviepre.co.kr  pic.twitter.com/uITaFUGvPg,2017-01-14
<무비프리 이벤트> 딥워터 호라이즌  Deepwater Horizon 필수 엔터테인먼트 앱  무비프리와 함께 프리하고 즐거운 문화생활을 즐겨보세요!.  http://app.moviepre.co.kr  pic.twitter.com/2FUkGGa9e1,2017-01-14
<무비프리 이벤트> 딥워터 호라이즌  Deepwater Horizon 필수 엔터테인먼트 앱  무비프리와 함께 프리하고 즐거운 문화생활을 즐겨보세요!.  http://app.moviepre.co.kr  pic.twitter.com/ejOaMwgcJy,2017-01-14
<무비프리 이벤트> 딥워터 호라이즌  Deepwater Horizon 필수 엔터테인먼트 앱  무비프리와 함께 프리하고 즐거운 문화생활을 즐겨보세요!.  http://app.moviepre.co.kr  pic.twitter.com/4QOkWFmNjZ,2017-01-14
[맥스무비 - 영화정보] 딥워터 호라이즌 http://m.maxmovie.com/movie/movie_info.asp?m_id=M000098555 …,2017-01-15
영화 <딥워터호라이즌>예매권 500매 0원딜 http://www.ticketmonster.co.kr/deal/484737106?is_adult=N&adult_type=N&keyword=%EB%94%A5%EC%9B%8C%ED%84%B0%ED%98%B8%EB%9D%BC%EC%9D%B4%EC%A6%8C …,2017-01-15
2017-2018 딥워터 호라이즌 2017년 1월 25일 딥워터 호라이즌 (Deepwater Horizon  2016) 마크 월버그 딜런 오브라이언 케이트 허드슨 주연 네이버 네티즌 평가 8.40  http://blog.naver.com/rapper00/220911520029 …,2017-01-15
"영화 <딥워터호라이즌>예매권 500매 0원딜
http://www.ticketmonster.co.kr/deal/484737106?isHistory=Y …

정말 기대되고 보고 싶어요~~ 실화를 바탕으로 해서 더욱 실감나게 볼 수 있을 것 같아요~~~",2017-01-15
<무비프리 이벤트> 딥워터 호라이즌  Deepwater Horizon 필수 엔터테인먼트 앱  무비프리와 함께 프리하고 즐거운 문화생활을 즐겨보세.. http://app.moviepre.co.kr  pic.twitter.com/VGwbtx6Hme,2017-01-15
딥... 딥 워터... 딥 워터 호라이즌 보세요 다음주 개봉,2017-01-15
영화 <딥워터호라이즌>예매권 500매 0원딜,2017-01-15
<무비프리 이벤트> 딥워터 호라이즌  Deepwater Horizon 필수 엔터테인먼트 앱  무비프리와 함께 프리하고 즐거운 문화생활을 즐겨보세.. http://app.moviepre.co.kr  pic.twitter.com/um2e2y47kJ,2017-01-15
딥워터 호라이즌 얼른 보고싶다....,2017-01-16
"영화 <딥워터호라이즌>예매권 500매 0원딜
http://www.ticketmonster.co.kr/deal/484737106?isHistory=Y …

출연하는 배우진들만 봐도 벌써부터 기대감 높아지네요!!!!",2017-01-16
"해양재난블럭버스터의 진수를 기대합니다
영화 <딥워터호라이즌>예매권 500매 0원딜 http://www.ticketmonster.co.kr/talk/484737106/14000000/ …",2017-01-16
[맥스무비 - 영화정보] 딥워터 호라이즌 http://m.maxmovie.com/movie/movie_info.asp?m_id=M000098555 …,2017-01-16
딥워터 호라이즌 :: 네이버 영화 (출처 : 네이버 영화) http://naver.me/GA7RlJgK ,2017-01-16
"실화라서 더 와닿겠네요.
영화 <딥워터호라이즌>예매권 500매 0원딜 http://www.ticketmonster.co.kr/talk/484737106/14000000/ …",2017-01-16
"대형스크린에서 보면 스펙타클하겠네요
영화 <딥워터호라이즌>예매권 500매 0원딜 http://www.ticketmonster.co.kr/talk/484737106/14000000/ …",2017-01-16
"딥워터 호라이즌 재밋을거같아요
티몬에서 예매권이벤트하네요 
http://www.ticketmonster.co.kr/deal/484737106 pic.twitter.com/rwzHx36CeL",2017-01-16
"영화 <딥워터 호라이즌>시사회 이벤트 당첨자 발표!
이번 이벤트에 참여해주신 모든 분들  정말 감사합니다
이벤트 당첨자 명단을 공개하니 확인 부탁드립니다!
☞ 영화명 : <딥워터 호라이즌>

☞ 영화명... http://fb.me/6zPXRxBcm ",2017-01-16
오늘 본 재키와 스노든  내일 볼 딥워터: 호라이즌  모레 볼 라이언까지  이번주는 거의 황석희 번역가와 함께함... ^^ (어쩌면 이것도 진기록일 듯... ㅎ;) 그리고 뭐  히든 히겨스와 핵소고지와 사일런스와 맨체스터 바이 더 씨 등등도... ㅋ;,2017-01-16
<무비프리 이벤트> 딥워터 호라이즌  Deepwater Horizon 필수 엔터테인먼트 앱  무비프리와 함께 프리하고 즐거운 문화생활을 즐겨보세.. http://app.moviepre.co.kr  pic.twitter.com/nd3cR2TJlO,2017-01-16
<무비프리 이벤트> 딥워터 호라이즌  Deepwater Horizon 필수 엔터테인먼트 앱  무비프리와 함께 프리하고 즐거운 문화생활을 즐겨보세.. http://app.moviepre.co.kr  pic.twitter.com/1g46Qy2yl4,2017-01-16
"http://www.ticketmonster.co.kr/talk/484737106/14000000?coupon_srl=0#content_start …
딥워터 호라이즌 기대됨 pic.twitter.com/Gj33x6hg6q",2017-01-16
"긴장감 기대됩니다.
영화 <딥워터호라이즌>예매권 500매 0원딜 http://www.ticketmonster.co.kr/deal/484737106?utm_source=li%3Cx%3Enkprice …",2017-01-16
영화 <딥워터호라이즌>예매권 500매 0원딜 http://www.ticketmonster.co.kr/talk/484737106/14000000?coupon_srl=0 …,2017-01-16
<무비프리 이벤트> 딥워터 호라이즌  Deepwater Horizon 필수 엔터테인먼트 앱  무비프리와 함께 프리하고 즐거운 문화생활을 즐겨보세.. http://app.moviepre.co.kr  pic.twitter.com/Do7A5dRNvH,2017-01-16
<무비프리 이벤트> 딥워터 호라이즌  Deepwater Horizon 필수 엔터테인먼트 앱  무비프리와 함께 프리하고 즐거운 문화생활을 즐겨보세.. http://app.moviepre.co.kr  pic.twitter.com/ypYp9B8mRa,2017-01-16
<무비프리 이벤트> 딥워터 호라이즌  Deepwater Horizon 필수 엔터테인먼트 앱  무비프리와 함께 프리하고 즐거운 문화생활을 즐겨보세.. http://app.moviepre.co.kr  pic.twitter.com/uyDQhDtSrY,2017-01-16
<무비프리 이벤트> 딥워터 호라이즌  Deepwater Horizon 필수 엔터테인먼트 앱  무비프리와 함께 프리하고 즐거운 문화생활을 즐겨보세.. http://app.moviepre.co.kr  pic.twitter.com/MCdllBADta,2017-01-16
딥워터 호라이즌 http://oneringtrailers.com?m=100643oneringtrailers.com/?m=100643  http://youtu.be/ebXRp-fWy50  • 국내: 2017-01-25,2017-01-17
딥워터 호라이즌 후기 - 어둠에서 타오르는 인간의 이기. 그 이기로 세상을 떠난 이들을 추모하는 뜻 깊은 연출. 담백하지만  재난 순간 만큼은 대형 재난 블록버스터의 구성보다 뛰어나다. 많은 사전지식이 필요한 소재를 적절히 풀어 놓는 초반부도 인상적.,2017-01-17
딥워터 호라이즌... 미국 최악의 석유 시추선 폭발 실화를 바탕으로 한 참사 재난 블록버스터. 근래 드물었던 '30분간 지속 대폭발'의 스펙터클은  컨트롤 타워 부재와 자본의 무책임한 오만을 재생하며 현실의 위험을 강력히 경고한다. 무던히도 폭발한다.,2017-01-17
[딥워터 호라이즌]  메인 예고편 https://youtu.be/4gwryJUt14g  @YouTube 님이 씀,2017-01-17
"[양미르의 영화영수증 - '딥워터 호라이즌' 후기]

http://www.munhwanews.com/news/articleView.html?idxno=35505 …
#문화생활엔_문화뉴스 #영화 #문화pic.twitter.com/XuwZ6m0x8H",2017-01-17
영화 <딥워터호라이즌>예매권 500매 0원딜 http://www.ticketmonster.co.kr/talk/484737106/14000000?coupon_srl=0 …,2017-01-17
동영상을 @YouTube 재생목록 http://youtu.be/TaS3ReBHQsM?a  신작업데이트 '딥워터 호라이즌' by 영화가 좋다에,2017-01-17
[딥워터 호라이즌] 원유 유출 재난 영화 딥워터 호라이즌 기름종이와 전단지입니다. (출처 :  괴수의왕 .. | http://blog.naver.com/artgihun/220913252725 … 블로그) http://naver.me/5Z8a4Wxt ,2017-01-17
"실화바탕으로 만든거같은데~ ㅎㅎㅎㅎ 

#티몬 영화 <딥워터호라이즌> 예매권 http://www.ticketmonster.co.kr/deal/484737106?isHistory=Y …",2017-01-17
내 얼굴이 재난일까봐 딥워터 호라이즌 굿즈는 기름종이였다 ㅠ pic.twitter.com/U4ze9SK7Hv,2017-01-17
엥 ㅠㅠㅠ 딜런 나와도 안 보려 했는데 괜찮나??? 함 봐야허나ㅠㅠㅠㅠㅠㅠ  재밌을까요 딥워터 호라이즌?,2017-01-17
<무비프리 이벤트> 딥워터 호라이즌  Deepwater Horizon 필수 엔터테인먼트 앱  무비프리와 함께 프리하고 즐거운 문화생활을 즐겨보세.. http://app.moviepre.co.kr  pic.twitter.com/JFfU8AYI7w,2017-01-17
신작업데이트 '딥워터 호라이즌' by 영화가 좋다: http://youtu.be/TaS3ReBHQsM?a  via @YouTube,2017-01-17
영화 <딥워터호라이즌>예매권 500매 0원딜,2017-01-17
[양미르의 영화영수증 - '딥워터 호라이즌' 후기] http://www.starinnews.com/news/articleView.html?idxno=2724 …,2017-01-17
<무비프리 이벤트> 딥워터 호라이즌  Deepwater Horizon 필수 엔터테인먼트 앱  무비프리와 함께 프리하고 즐거운 문화생활을 즐겨보세.. http://app.moviepre.co.kr  pic.twitter.com/y5hU162PDU,2017-01-17
<무비프리 이벤트> 딥워터 호라이즌  Deepwater Horizon 필수 엔터테인먼트 앱  무비프리와 함께 프리하고 즐거운 문화생활을 즐겨보세요!.  http://app.moviepre.co.kr  pic.twitter.com/j2l7HlD0iy,2017-01-17
<무비프리 이벤트> 딥워터 호라이즌  Deepwater Horizon 필수 엔터테인먼트 앱  무비프리와 함께 프리하고 즐거운 문화생활을 즐겨보세요!.  http://app.moviepre.co.kr  pic.twitter.com/8aJv8GsV8L,2017-01-17
딥워터 호라이즌..ㅠㅡㅠ,2017-01-18
[딥 워터 호라이즌]의 다큐 블록버스터로서의 진면모를 보고 싶은 피터 보그-마크 월버그의 콤비 기대작 ~,2017-01-18
영화 <딥워터호라이즌>예매권 500매 0원딜 http://www.ticketmonster.co.kr/talk/484737106/14000000?coupon_srl=0 …,2017-01-18
설날에 무슨 영화를 볼ㄲ ㅏ....딥워터 호라이즌인가 그거 보자고 하시능데 재밌으려나 공조는 내가 보기 시러 ㅠㅠ,2017-01-18
영화 딥워터 호라이즌에서... 2010년 멕시코만 폭발 대참사를 일으킨 그 반잠수형 해양굴착 석유시추선 '딥워터 호라이즌'을 대한민국 현대중공업에서 2001년에 제작한 거였군... 흠... pic.twitter.com/kwpiRlh2Lc,2017-01-18
[CGV] 영화 '딥워터 호라이즌' 1+1 예매권  오늘 오후 2시부터 (9 000원/인터넷예매) http://ift.tt/2juudJf ,2017-01-18
"1/25 스노든/딥워터 호라이즌/왕의 귀환
2/1 라이언/사운드 오브 뮤직/컨택트
2/9 발레리나/천국의 아이들/폴링 스노우
2/16 그레이트 월/트롤
2/22 사일런스/싱글라이더/핵소 고지/샤룩칸의 팬

2월 문라이트/존윅 리로드/트리플 엑스 리턴즈",2017-01-18
"[EVENT] ""2010년 4월 20일  전세계가 경악한 폭발사고 발생"" 
처참한 사고 현장에서 #삶 과 #죽음 을 오고 간 그들의 진짜 이야기! 영화 <딥워터 호라이즌>
 
응모 기간: 1/18(수)... http://fb.me/8pdwJCMZr ",2017-01-18
"딥워터 호라이즌- 열일하는 딜런 영상 및 스페셜 포스터
... 딜런 오브라이언 못알아봤어..ㄷㄷㄷㄷㄷ
http://movie.naver.com/movie/bi/mi/mediaView.nhn?code=137346&mid=33446 …pic.twitter.com/mwkE29HrUx",2017-01-18
"딥워터 호라이즌
레지던트 이블: 파멸의 날
매기스 플랜
스노든
재키
(가나다 순)
1월 25일 개봉하는 영화들 다 잘돼라~
내 생일선물이다~ ㅋㅋㅋ
^♡^",2017-01-18
"영화 <딥워터호라이즌>예매권 500매 0원딜
#티몬 #딥워터_호라이즌",2017-01-18
영화 <딥워터호라이즌>예매권 500매 0원딜 http://www.ticketmonster.co.kr/deal/484737106?isHistory=Y …,2017-01-18
영화 <딥워터호라이즌>예매권 500매 0원딜,2017-01-18
[ #Tistory ][영화] 딥 워터 호라이즌 http://marupress.tistory.com/2199 ,2017-01-19
라라랜드는 21일에 보고 25일엔 딥워터호라이즌이랑 매기스플랜 보고....오늘은 너브랑 얼라이드 고민 좀 해봐야지,2017-01-19
영화 <딥워터호라이즌>예매권 500매 0원딜 http://www.ticketmonster.co.kr/deal/484737106 ,2017-01-19
"상상조차 못한 거대한 폭발!
#삶 과 #죽음 사이 그곳엔 그들이 있었다

<딥워터 호라이즌> #사투 예고편을 확인하고
리얼 재난을 함께 느끼고 싶은 친구를 @소환 해주세요
추첨을 통해 예매권을 드립니다!... http://fb.me/8lJMNhySq ",2017-01-19
딥워터 호라이즌?ㅋㅋㅋ 재난영화임,2017-01-19
예고편 보니 정말 기대됩니다 실화라서 기대되고 스토리도 정말 기대되고 배우들의 연기도 기대되는 영화입니다! 개봉이 기다려지네요! 꼭 보고 싶은 영화입니다!  영화 <딥워터호라이즌>예매권 500매 0원딜 http://www.ticketmonster.co.kr/talk/484737106/14000000?coupon_srl=0#content_start …,2017-01-19
"[영화] 딥 워터 호라이즌

미국의 재난영화. 실화를 바탕으로 만든 영화. 2010년 미국 멕시코만 바다에서 시추 작업을 하던 '딥 워터 호라이즌' 호가 폭발하고 화재가 발생하면서 오일이 바다에 유출되는... http://fb.me/5FDqLcFzX ",2017-01-19
호옹이 딥워터호라이즌 이건가여 잼잇겟당 배뿌셔버려~!!!!!,2017-01-19
영화포스터의 사상 최악의 해양재난이라고 되어있는 문구가 눈에들어오더라고요.평소 재난영화를 좋아해서 딥워터호라이즌 영화도 극장에서 보면 더 실감나게 영화를 볼수 있을것 같아요.참혹한 불길속에서 살아남기위한 주인공들의 사투이야기 꼭보고싶어요,2017-01-19
영화 <딥워터호라이즌>예매권 500매 0원딜 http://www.ticketmonster.co.kr/deal/484737106 ,2017-01-19
영화 <딥워터호라이즌>예매권 500매 0원딜 http://www.ticketmonster.co.kr/deal/484737106 ,2017-01-19
영화 <딥워터호라이즌>예매권 500매 0원딜 http://www.ticketmonster.co.kr/deal/484737106 ,2017-01-19
[영화] 딥워터 호라이즌 http://baekyen.blog.me/220915459921 ,2017-01-19
영화 <딥워터호라이즌>예매권 500매 0원딜 http://www.ticketmonster.co.kr/talk/484737106/14000000 …,2017-01-19
영화 <딥워터호라이즌>예매권 500매 0원딜 http://www.ticketmonster.co.kr/deal/484737106?isHistory=Y …,2017-01-19
영화 <딥워터호라이즌>예매권 500매 0원딜,2017-01-19
딥워터 호라이즌 딜런 원해요 ㅠ,2017-01-20
영화 <딥워터호라이즌>예매권 500매 0원딜 http://www.ticketmonster.co.kr/deal/484737106 ,2017-01-20
"영화 '딥워터 호라이즌'…""재난 영화 흥행 법칙 3  모든 요소 다 갖췄다"" http://www.starinnews.com/news/articleView.html?idxno=2925 …",2017-01-20
"#시알리스효능
#프로솔루션 #비아그라부작용
#아이코스가격 #발기보조제효과
#딥워터 호라이즌'   뺀 극  #마카가격
#여성흥분제종류 #매독원인
#시알리스효과
 https://goo.gl/Au2Ox5  
#시알리스판매 pic.twitter.com/t7us5jvPkC",2017-01-20
"해양재난영화 이자 해양오염우려?영화 이게 실화라는게 더욱 공포스럽네요.
영화 <딥워터호라이즌>예매권 500매 0원딜 http://www.ticketmonster.co.kr/deal/484737106?isHistory=Y …",2017-01-21
"[티몬] 
이 상품 어때요?
영화 [딥워터 호라이즌] 예매권
http://www.ticketmonster.co.kr/deal/484737106 ",2017-01-21
★서울극장 상영예정작★1월 25일(수) 개봉! <딥워터 호라이즌>삶과 죽음사이 http://aodaisyou1.blog.me/220916965868 ,2017-01-21
딥워터호라이즌 홍보물품이 기름종이야ㅋㅋㅋㅋ pic.twitter.com/KdaLMsZQix,2017-01-21
암튼 영화내용이 실제로 있었던 대형참사라 막 발랄하게 영업하긴 좀 그렇지만 새로 개봉하는 딥워터 호라이즌 보십셔 여러분.. pic.twitter.com/Clls8CfZ4h,2017-01-21
다음주에 드디어 딥워터호라이즌 개봉ㅠㅠㅠㅠ 딜런이 본당ㅠㅠ,2017-01-21
"<딥워터 호라이즌> 기대평  
실화를 바탕으로 만들어진 헐리웃 블록버스터 해양재난영화네요. 눈에 익은 유명 헐리웃 배우들이 총출동하여 볼거리가 풍성합니다. 바다에서 펼쳐지는 긴장감과 불과의 사투 등 흥미진진합니다. 빨리 영화관에서 만나보고 싶습니다.",2017-01-21
"휴가때 볼 영화들 딥워터호라이즌 레지던트 이블 
재밋을거같다",2017-01-21
"25일에 바로 딥워터 호라이즌 보러갈ㄹ거야 포티도 뽑을거야
딜.런.좋.아",2017-01-21
썅 이거 쓰고 찾아보니 나 사는 지역엔 딥워터 호라이즌 개봉관이 업어?!,2017-01-21
딥워터 호라이즌!,2017-01-21
"결국 두시간반 넘게 이륙 못하고 있음.
덕분에 아직 국내 개봉하지않은 영화 딥워터 호라이즌을 다 보게됐다.
영화 자체도 근사하지만 실화에 기반하여 많은 것을 생각하게 했다.",2017-01-21
영화 <딥워터호라이즌>예매권 500매 0원딜 http://www.ticketmonster.co.kr/talk/484737106/14000000 …,2017-01-21
영화 <딥워터호라이즌>예매권 500매 0원딜 http://www.ticketmonster.co.kr/deal/484737106?isHistory=Y …,2017-01-21
딥워터 호라이즌!!,2017-01-21
영화 <딥워터호라이즌>예매권 500매 0원딜,2017-01-21
[맥스무비 - 영화정보] 딥워터 호라이즌 http://m.maxmovie.com/movie/movie_info.asp?m_id=M000098555 … #맥스무비영화,2017-01-22
딥워터 호라이즌 드디어 개봉이구나 ㅠㅠ,2017-01-22
<딥워터 호라이즌> 욕심이 부른 재앙 속 한 줄기 희망은? http://blog.naver.com/lubkhaki/220917279400 …,2017-01-22
"[티몬] <딥워터 호라이즌> 예매권 이벤트!! 추첨을 통해 250분께 <딥워터 호라이즌>예매권을 선물로 드려요^^ #티몬 #딥워터호라이즌
http://www.ticketmonster.co.kr/deal/484737106 ",2017-01-22
영화 <딥워터호라이즌>예매권 500매 0원딜 http://www.ticketmonster.co.kr/talk/484737106/14000000?coupon_srl=0 …,2017-01-22
"규칙을 지키지 않으면 생기는 결말
생생하고 리얼한 유정 폭발사건 <딥워터 호라이즌> #왓챠 http://watcha.net/movies/mqgt4k?unique_id=mqgt4k …",2017-01-22
수요일 목요일에 각각 하나씩 레지던트이블이랑 딥워터호라이즌이랑 어떤 순서로 볼까,2017-01-22
맞다 딥 워터 호라이즌 어었나 우리 딜런 나와요ㅜㅠㅠㅠㅠㅜㅠㅠ 3일 후 개봉이래요,2017-01-22
"마크 월버그는 싫지만
딥워터 호라이즌는 봐야겠다",2017-01-22
딥워터 호라이즌 다시보기 토렌트 고화질 TORRENT 딥워터 호라이즌 한글자막 무료 다운로드 딥워터 호라이즌 데일리 FULL MOVIE 링크 1080p 보는곳 DVD 720p 파일받기 : https://goo.gl/DEeGt2 ,2017-01-22
"25일 수요일이 무슨 날이게
바로 딥워터 호라이즌 개봉날",2017-01-22
"저도 이제 이거 한다...!
여러분 1월 25일 개봉하는  딜런나오는 딥워터 호라이즌 많이 봐주세요 pic.twitter.com/RqCSccKeLE",2017-01-22
영화 <딥워터호라이즌>예매권 500매 0원딜 http://www.ticketmonster.co.kr/deal/484737106 ,2017-01-22
[맥스무비 - 영화정보] 딥워터 호라이즌 http://m.maxmovie.com/movie/movie_info.asp?m_id=M000098555 …,2017-01-22
영화 <딥워터호라이즌>예매권 500매 0원딜 http://www.ticketmonster.co.kr/talk/484737106/14000000?coupon_srl=0 …,2017-01-22
영화 <딥워터호라이즌>예매권 500매 0원딜 http://www.ticketmonster.co.kr/talk/484737106/14000000?coupon_srl=0 …,2017-01-22
[맥스무비 - 영화정보] 딥워터 호라이즌 http://m.maxmovie.com/movie/movie_info.asp?m_id=M000098555 …,2017-01-23
2017년 1월 26일 개봉작... [딥워터 호라이즌]외 7편  http://blog.daum.net/jjooni73/4648 ,2017-01-23
"딥워터 호라이즌?
딜런 나오는구나!....두근두근하네..
보러 갈 영화가 또...",2017-01-23
????왜 메박에 딥워터호라이즌 예매페이지없어용?????,2017-01-23
캬캬캬캬캬캬캬ㅑ캬캬캬캬캬캬캬ㅑ컄ㅋㅋㅋㅋㅋㅋㅋㅋㅋㅋㅋㅋㅋㅋㅋㅋㅋㅋㅋㅋㅋㅋㅋㅋㅋㅋㅋㅋㅋㅋㅋㅋㅋㅋㅋㅋㅋㅋ나 딥워터 호라이즌 시사회 당첨됬는뎈ㅋㅋㅋㅋㅋㅋㅋㅋㅋㅋㅋㅋㅋㅋㅋㅋㅋㅋㅋㅋㅋㅋ메일 못봐서 못감ㅋㅋㅋㅋㅋㅋㅋㅋㅋㅋㅋㅋㅋㅋㅋㅋㅋㅋㅋㅋㅋㅋㅋㅋㅋㅋㅋ,2017-01-23
수요일에 나랑 딥워터 호라이즌 볼 사람?,2017-01-23
딥워터 호라이즌 다시보기 토렌트 torrent 다운 1080p 딥워터 호라이즌 고화질 720p 한글자막 full movie 딥워터 호라이즌 DVD 무료 다운로드 파일받기 : https://goo.gl/uSTzSM ,2017-01-23
"공조 보고왔는데  현빈 얼굴 너무 열일한다.
액션이랑 잘맞는듯 깨알로 유해진 개그도 볼만했고 암튼 2시간정도되는 러닝타임 동안 지루하지 않아서 좋았당.이제 *딥워터 호라이즌* 이나 기다려야 겠다",2017-01-23
"""각자 자리 지키는 선원들 뭉클하다"" 딥워터 호라이즌 예고 영상 http://i.wik.im/289827  #딥워터호라이즌pic.twitter.com/oJ7naOMQjL",2017-01-23
내일도 완존 춥지만  내일은 꼭 영화 보러 가야지. 이번주 개봉작 중엔 매기스 플랜 말곤 땡기는게 없네.. 그냥 개봉작은 패스할지도. 딥워터 호라이즌 평가 괜찮던데 마크 월버그 나와서 웩.,2017-01-23
"카스 쩜육짜리 준비하고 영화감상을 하도록 하겠습니다.

흠흠.

딥워터 호라이즌",2017-01-23
영화 딥워터 호라이즌 2016 다시보기 토렌트 torrent 다운 영화 딥워터 호라이즌 2016  1080p 고화질 720p 한글자막 full movie DVD 무료 다운로드 파일받기 : https://goo.gl/juo83h ,2017-01-23
딥워터 호라이즌 http://oneringtrailers.com?m=100643oneringtrailers.com/?m=100643  http://youtu.be/ykxmzrJsnPY  • 국내: 2017-01-25,2017-01-24
[ON+금주의 신작] ‘레지던트 이블6’ & ‘딥워터 호라이즌’ http://fb.me/1t1IfXdUV ,2017-01-24
야 미친 딥워터 호라이즌 오스..ㅋ..,2017-01-24
"""하정우와 여진구""…누리꾼이 뽑은 '딥워터 호라이즌' 韓 가상 캐스팅
출처 : 헤럴드POP | 네이버 TV연예
 http://naver.me/xTxFVy0x pic.twitter.com/uKf82eUuer",2017-01-24
모아나자막2차 월벌레나오지만딜런도나오는딥워터호라이즌 @_SelectBot,2017-01-24
"#딜런 너란 남자  얼굴이 열일한다 정말
기름을 뒤집어써도 빛이 나쟈냐...
<딥워터 호라이즌> 딜런 본격 #입덕 영상 최초공개
http://goo.gl/kKGhS8 
#오브라이언딜런 #작업복간지
#잘생김은_큰화면으로_느끼자 #1월25일개봉 pic.twitter.com/lcfBN8loao",2017-01-24
딥워터 호라이즌 보러와따,2017-01-24
"▲ 단편영화작품상 - '내부의 적'  '더 레일로드 레이디'  '사일런트 나이트'  '싱'  '타임코드'
▲ 음향편집상 - '컨택트'  '딥워터 호라이즌'  '핵소 고지'  '라라랜드'  '설리: 허드슨강의 기적'",2017-01-24
딥워터 호라이즌 후기 리뷰 평점 예고편 줄거리 : 실화 베이스의 최악 해양 재난영화 http://blog.naver.com/westbombz/220919053103 …,2017-01-24
"아카데미 시각효과상 후보작

<딥워터 호라이즌>
<닥터 스트레인지>
<정글 북>
<쿠보와 전설의 악기>
<로그 원: 스타 워즈 스토리> https://twitter.com/TheAcademy/status/823884116718301186 …",2017-01-24
딥워터 호라이즌 포티용으로 뽑을만란 사진 가지고 계신분 있으신가요..딜런으로...,2017-01-24
"이번 주 개봉작
25일 수 <레지던트 이블: 파멸의 날>  <재키> 
<매기스 플랜>  <딥워터 호라이즌> 
26일 목 <다방의 푸른 꿈> 등... http://fb.me/16Drtd1ez ",2017-01-24
"오스카 비주얼 이펙트 부분
딥워터 호라이즌
닥터 스트레인지
정글북
쿠보와 전설의 악기
로그원: 스타워즈 스토리 pic.twitter.com/vj0G4RbpO1",2017-01-24
"영화 딥워터 호라이즌이 실화를 바탕으로 한 영화인건 알고 있었는데 문제의 딥워터 호라이즌이 현대 중공업이 만든건 첨 알았군...
출처 : 페북 딩고 무비 페이지 pic.twitter.com/7DFvVLYyoe",2017-01-24
딥워터 호라이즌 예매완료!!! 딜런 내일봐,2017-01-24
그나저나 히든피겨스는 언제쯤 개봉하나. 컨택트(가 뭐냐 이 구린 제목 번안은..?)는 분명히 욕하는 후기를 쓰게 될 것 같고. 딥워터 호라이즌과 재키가 내일 개봉이네.,2017-01-24
아 맞아 님 낼 저녁에 나랑 져리랑 딥워터호라이즌 볼래요?,2017-01-24
[ON+금주의 신작] ‘레지던트 이블6’ & ‘딥워터 호라이즌’ http://www.etnews.com/20170124000124?SNS=00001 …,2017-01-24
딥 워터 호라이즌,2017-01-24
"▲ 음향믹싱상 - '컨택트'  '핵소 고지'  '라라랜드'  '로그 원: 스타워즈 스토리'  '13시간'
▲ 시각효과상 - '딥워터 호라이즌'  '닥터 스트레인지'  '정글북'  '쿠보와 전설의 악기'  '로그 원: 스타워즈 스토리'",2017-01-24
딥워터 호라이즌! (@ 메가박스 - @megaboxon in 서울특별시) https://www.swarmapp.com/c/ezbj66DHeKv ,2017-01-25
딥워터 호라이즌 봤고요 빡쳐서 울었다,2017-01-25
나..나도 딥워터 호라이즌 보고싶어!,2017-01-25
"영화 딥워터호라이즌 후기
그냥 그럭저럭 볼만함",2017-01-25
딥워터 호라이즌 보신 분? 재밌나요?,2017-01-25
딥워터 호라이즌은 사고 발생 이후에 신속하고 정확하게 대처하는 사람들의 이야기를 다룬다는 점에서 설리랑 비슷하다고 생각했다.,2017-01-25
딥워터호라이즌ㄴ보러간더!!,2017-01-25
여러분 딥워터 호라이즌 보세요....,2017-01-25
[맥스무비 - 영화정보] 딥워터 호라이즌 http://m.maxmovie.com/movie/movie_info.asp?m_id=M000098555 …,2017-01-25
[ #Tistory ] '딥워터 호라이즌' 참사는 돈독으로부터 시작된다 http://sharpsharpnews.tistory.com/871 ,2017-01-25
딥워터호라이즌보고 포토티켓 뽑았읍니다 pic.twitter.com/DXsFQQOGjY,2017-01-25
딥워터 호라이즌 /미국역사상 최악의  석유 시추선 폭발사고 실화영화./ 이정도는 되어야 .,2017-01-25
#yes24예매권(피망페북당첨) 개인적으로 초반에 집중을 못했던 영화. 실화를 최대한 있는그대로 표현하려는 것이 돋... <딥워터 호라이즌> #왓챠 http://watcha.net/movies/mqgt4k?unique_id=mqgt4k …,2017-01-25
"""딥워터 호라이즌"" 리뷰 다이제스트판입니다. 이제 오늘은 재키 한 편 더 봐야 하네요.
뭘 내세워야 하는지 잊어버린 영화 https://goo.gl/M5jHSX  #yesblog",2017-01-25
<딥워터 호라이즌>...닮은 사건들이 떠오른다 http://omn.kr/m6v2  구건우 기자,2017-01-25
뱅기에서 못 본 딥워터 호라이즌 드디어 다 봣당,2017-01-25
"""딥워터 호라이즌"" 리뷰 확장판입니다. 이제 이틀 쉬고 마지막 한 편 보러 갑니다.
http://job314.egloos.com/3194788 ",2017-01-25
ㅎㅎㅎ딥워터 호라이즌 보셨어요? pic.twitter.com/VJz11rKRe9,2017-01-25
"아맞다
여러부우우우ㅜ우우우우운!!!!!
딥 워터 호라이즌 꼭ㄱ보세요!!!!!!!!!
진짜ㅏ 대박적인 영화ㅏ에요..(주륵
오랜만에 딜ㄹ런보고와서 넘 기부니가조타",2017-01-25
딥워터 호라이즌을 보고왔다 만약 당신이 딜런을 보기위해 이 영화를 본다면 비추해주고 싶다 (분량이 작다) 그래도 딜런이 새로운 느낌의 캐릭터를 맡은것 같아 좋긴했다 ( 약간 데이브+스타일즈+스튜아트의 느낌?) #딥워터_호라이즌,2017-01-25
[맥스무비 - 영화정보] 딥워터 호라이즌 http://m.maxmovie.com/movie/movie_info.asp?m_id=M000098555 …,2017-01-25
여러분.. 딥워터 호라이즌 봅시다......일단 더 잘생겨진 딜런이 나오고요.. cg 안 좋아하시는 감독님 덕분에 정말 리얼한 영화입니다 실화 바탕으로 해서 내용은 믿고 봐도 됩ㅂ니다... . ..그냥 봐요.... pic.twitter.com/ufeNT1xl2e,2017-01-25
딥워터 호라이즌 멕시코만 원유유출사고 얘긴데 시추선 폭발의 경위와 그곳에 사람들이 있었다! 라는 얘기! 그냥 폭발이 있었고 100일 가까이 원유 유출 사고가 있었다! 정도만 알고있었는데ㅡㅜ,2017-01-25
딥워터 호라이즌 너무 젛은데ㅠㅠㅠㅠ 왜때문에 다 안봐요?ㅠㅠㅠㅠㅠㅠㅠㅠㅠ,2017-01-25
<딥워터 호라이즌>...닮은 사건들이 떠오른다 http://omn.kr/m6v2   구건우 기자 https://twitter.com/OhmyNews_Korea/status/824220489945976832 … #오마이뉴스,2017-01-25
2017 첫 문화의 날에는 <딥워터 호라이즌>을 봤다. 엄청난 재난을 깔끔하게 재현한다. 한국영화에 익숙해져버리니 신파를 빼고도 이렇게 마음을 울릴 수 있다는 게 너무 대단해보인다. pic.twitter.com/LD5cC0nVaK,2017-01-25
1-31 피카디리. <딥워터 호라이즌>. 마지막주 수욜이라고 다들 난리인데 유독 이 영화만 상영관이 텅텅 비었길래 두번 생각안하고 냉큼 예매를. 덕분에 피카디리 3일 연속 출동. pic.twitter.com/iuGqcTImbV,2017-01-25
"딥 워터 호라이즌 보고왔다.
사실 딜런 나온다고해서 보고싶은 맘이 컸었는데 막상 보다 보니 내용에 집중하고 보게됐음.
약간 안전불감증때문이 일이 벌어지는거다보니...사건 발단 부분에서 화가 많이 날 것....",2017-01-25
"영화 '딥워터 호라이즌'
1. 참사는 대부분 돈독으로부터 시작된다
2. 선을 넘지 않는 미덕
3. 원유 유출에 따른 망가진 바다를 좀 더 주목했다면…
http://www.sharpsharpnews.com/news/articleView.html?idxno=6874 …",2017-01-25
"""딥워터 호라이즌""을 봤습니다. 메시지와 액션 사이에서 길을 잃었네요. 리뷰는 잠시 뒤에 다이제스트판이  내일 오전에 확장판이 올라갈 예정입니다.",2017-01-25
"딥워터 호라이즌 영 적절한 시간대가 없어 보이는데...
제일 만만해 보이는 게 금요일 메가박스 너의 이름은 08:10~10:06 보고 나오자마자 CGV 대전탄방 가서 10:00 거 보기(...)",2017-01-25
<딥워터 호라이즌>을 봤다. <설리>의 대척점에 서서 미국을 바라보는 작품. 그 기운 센 화염 속에서도 성조기는 불타지 않는다. 정말 우울한 재난영화.,2017-01-25
전달력  사실감  긴장감  연출  모든 것에서 대단하다. <딥워터 호라이즌> #왓챠 http://watcha.net/movies/mqgt4k?unique_id=mqgt4k …,2017-01-25
뭐라고 해야하지 아무튼 보고나서 후회없음입니다 모두 딥워터 호라이즌을 봐주십시오.... ..     (눈물바다만들며,2017-01-25
세상사람들 딥워터 호라이즌 보십ㅂ시오,2017-01-25
[맥스무비 - 영화정보] 딥워터 호라이즌 http://m.maxmovie.com/movie/movie_info.asp?m_id=M000098555 …,2017-01-25
딜런 보러 딥워터호라이즌 보러 옴ㅋㅋㅋ,2017-01-26
[ #Tistory ]사실감 충문하게 즐길 수 있는 초대형 인재 사고 <딥워터 호라이즌> http://singenv.tistory.com/860 ,2017-01-26
딥워터호라이즌 보구와써,2017-01-26
내가 지금 기다리고 있는 영화는 컨택트  딥워터 호라이즌인데 후자는 이미 개봉했고,2017-01-26
"딥워터 호라이즌
평가 : 좋았어요
http://m.cgv.co.kr/WebAPP/MovieV4/MovieDetail.aspx?MovieIdx=79414 …
이만하면 재난영화로는 수작. 특히 사고발발까지 긴장감이 좋았다.",2017-01-26
'딥워터 호라이즌' 한국판 가상 캐스팅…딜런 오브라이언=여진구? http://isplus.live.joins.com/news/article/article.asp?Total_Id=21168888 …,2017-01-26
「딥워터 호라이즌」: 보다가 쬐끔 울 뻔 했다. 실화인 줄 모르고 봤다.,2017-01-26
딥워터 호라이즌 같은 걸 초등학교 저학년 애들 데리고 오는 엄마도 있네,2017-01-26
"쟤넨 왜 또 패닉오션이야 ㅋㅋㅋㅋㅋㅋ
그냥 우리나라처럼 딥 워터 호라이즌 하면 될텐데 ㅋㅋㅋㅋㅋㅋㅋㅋ",2017-01-26
[실화라니 깜놀! 실명으로 까는걸 보고 괜히 쫄았다. 국내 영화였담 비실명이었을텐데 이런게 선진문화인가...요딴 잡생각 하느라 몰입하지 못했는지도] 딥워터 호라이즌 (2016) http://5seung.blog.me/220921113797 ,2017-01-26
딥워터 호라이즌 너무좋은영화다 많이 보러가세요ㅠㅠㅠㅠㅠㅠㅠ,2017-01-26
딥워터호라이즌 보고 왔다. 별 두개반정도. 그다지 평잼과 노잼사이의 어딘가 정도의 재미. 딜런 아님 볼 생각도 없었는데 역시나 영화 보고 나서도 딜런이 아니었으면 공짜표라도 안봤을 영화. 딜런 비중은 레알 짜금. 얼굴 보기가 힘듬.. pic.twitter.com/bXD7mgWw7l,2017-01-26
개인적으로 딥워터 호라이즌에 대한 이야기는 일어났을 당시 외신 한두줄로 처음 알았고 조금 더 알게 된건 드라마 뉴스룸 파일럿 에피소드가 딥워터 호라이즌 관련 이야기라 알게 된 게 다라서 영화 내용 자체는 흥미로웠음ㅇㅇ....,2017-01-26
<재키> 재밌을까? <매기스 플랜> 보고 싶었는데 상영관도 별로 없고 막상 개봉하니 썩 내키지 않는다. 내일은 동생과 <딥워터 호라이즌>을 볼 것 같다. ㄱㅈ  ㄷㅋ은 보고 싶지 않으니까..,2017-01-26
딥워터 호라이즌 검색해도 안나와서 뭐야 개봉 걸어놓기만 하고 상영 안하는 그런건가 했는데 그런건 아니었음....사건 전-사건-결말부인데 사건 전이랑 결말 부분은 별다른 시나리오적 기교가 없었고 이야기로 보기엔 늘어지는 느낌이었지만 소재로 하는 재난이,2017-01-26
아참 오늘 본 딥워터 호라이즌 자체는 실화의 틀에서 벗어나지 못한 그저그런 실화바탕 영화였고 애초에 영화에 대한 기대보단 딜런을 보러 간 것이었고 딜런은 예뻤다 만족,2017-01-26
"딥워터호라이즌
그런영화에
니.가.나온다..
그런애가.나와.
음계를.조지고.
그런말하는데.
지능이.낮아...지.가.뭘.한것.같다...해
중국교도소로.한번밀너넣어보니...
없는게..다..고..
그냥도둑질만.할뿐이라..
ㄱㅈㅅ이.집안돈
도둑질만할뿐이야",2017-01-26
"딥워터 호라이즌 
                                                    감독
... 더보기 http://blog.naver.com/sysy2202/220921800722 … http://fb.me/4i7ylWScP ",2017-01-27
[맥스무비 - 영화정보] 딥워터 호라이즌 http://m.maxmovie.com/movie/movie_info.asp?m_id=M000098555 …,2017-01-27
인재란 너무도 안타깝다. <딥워터 호라이즌> #왓챠 http://watcha.net/movies/mqgt4k?unique_id=mqgt4k …,2017-01-27
설날극장개봉영화 추천 딥워터 호라이즌-침몰하는 모든것에는 인간의 욕망만이 존재한다 http://fb.me/7keKYGHkh ,2017-01-27
연휴막날에 영화볼거같응데 공조랑 더킹은 보고싶지않거...딥워터호라이즌 보려고 하는데 겁나없네...,2017-01-27
"딥워터 호라이즌 보구왓다
딜런이 잔망스러워귀여워",2017-01-27
ㅋㅋㅋㅋㅋㅋ저 그 딥워터 호라이즌인가,2017-01-27
<딥워터 호라이즌> 진짜 잘만든 것같음 재난영화 치고는 진짜 웰메이드 bbbb,2017-01-27
설 명절 첫날 시작은 가족들 늦잠 자는 사이에 보고싶었던 논픽션 재난 영화 <딥워터 호라이즌> 혼자 즐기기! 대다수 대형 사고에는 알고보면 인재라는 것을 다시한번 깨닫게… https://www.instagram.com/p/BPwDiXmhQa0/ ,2017-01-27
"영화 ""딥워터 호라이즌"" 재미있지만 왠지 착찹하고 안타까웠어요.상식과 기본이 무너진 사회에서는 사고가 발생할수 밖에 없으며 그 피해는 고스란히 평범한 국민들이 입는다는 사실입니다.상식이 통하는 사회 기본이 지켜지는 사회 그런 사회를 진정 염원해 봅니다 pic.twitter.com/Ma23IEK3Ze",2017-01-27
요즘 영화 땡기는 게 없어서... 어제도 주중쿠폰 쓰려고 하다가 결국 레지던트 이블 봤다. 마크 월버그 싫긴 하지만 딜런 때문에 딥워터 호라이즌 보려다가 이것도 시간이 안맞아서 ㅠㅠ,2017-01-27
ㅋㅋㅋㅋㅋ딥워터 호라이즌,2017-01-27
[맥스무비 - 영화정보] 딥워터 호라이즌 http://m.maxmovie.com/movie/movie_info.asp?m_id=M000098555 …,2017-01-28
딥워터호라이즌보고싶다,2017-01-28
딥워터 호라이즌 봤는데 볼만하네,2017-01-28
늦은 후기 딥워터 호라이즌 (Deepwater Horizon) http://blog.naver.com/tcu2001sky/220921990643 …,2017-01-28
"딥워터 호라이즌
별 기대없이 봤는데 굉장하고 강렬하고 깔끔했다. pic.twitter.com/ENpbYXndqw",2017-01-28
"1월 달에 영화 본 것!!!
 공조~ 더킹~ 패신저스~ 어쌔신크리드~
 볼 예정 -> 딥워터 호라이즌",2017-01-28
헐 나 롯시 딥워터 호라이즌 예매권 당첨도ㅒㅎ다 아 넘 ㅜ행복하네,2017-01-28
찍다 말았지만   샤이바나 마시따( ̳• ·̫ • ̳) 재난 영화 별루 안좋아하지만   딥워터호라이즌 재미따( ̳• ·̫ • ̳) pic.twitter.com/IhiLk3zlTC,2017-01-28
딥워터 호라이즌 실화를 영화로 만들었는데 영화조차 너무 실화 같다...,2017-01-28
딥워터호라이즌 봣는 데    어음엄        개발암캐들이 넘짜증낫고        주인공가족들유쾌해서귀여우시고 스카이프로 눈싸움하는것도 졸귀         ,2017-01-28
오늘 모든 행사가 끝나고 우리 가족만 남아  같이 관람한 올해 첫 영화는 왠지 모르게 [딥워터 호라이즌]이었는데(...) 재미없는 것은 아니었지만 포인트를 달리했으면 좋았을 듯한 작품이었다. 사고 뿐만 아니라 그 이후가 좀 더 다뤄졌으면 어땠을까.,2017-01-28
엄마가 보고픈 영화는 딥워터 호라이즌이였고  엄마는 주로 재난영화를 좋아하신다. 그리고 전쟁영화도 좋아하시지. 끝을 알고 있어도 그 과정이 재미있다고... pic.twitter.com/iiTOw5u3hZ,2017-01-28
아냐..딥워터 호라이즌이야... 영화ㅏ제목더 오타나버림,2017-01-28
딥워터 호라이즌 호 현대중공업 사건과 실화를 조사해보니 ㅜㅜ (출처 : 하라의 리.. | http://blog.naver.com/ice0228/220921001638 … 블로그) http://naver.me/Fd3fnfG9 ,2017-01-29
[맥스무비 - 영화정보] 딥워터 호라이즌 http://m.maxmovie.com/movie/movie_info.asp?m_id=M000098555 …,2017-01-29
딥워터호라이즌 본 분 저 영화 재밋나여,2017-01-29
본다  딥워터호라이즌; 문제를 기억하는 방법 https://goo.gl/fb/TFpktN ,2017-01-29
딥워터호라이즌도 봐죠라ㅠㅜㅜ,2017-01-29
"딥워터 호라이즌을 보고 난 소감 

실화 소재 헐리우드 영화로서 기본은 했다...",2017-01-29
"여기는 신촌 메가박스 Now...
딥워터 호라이즌 보러 왔습니다...",2017-01-29
[ #Tistory ] [영화리뷰] 실화바탕의 현실적인 재난영화 딥워터 호라이즌 http://ss2.kr/126 ,2017-01-29
더킹을 볼까 딥워터호라이즌을 볼까.. 포켓스탑 산책을 ㅎㅏ며 고민중.,2017-01-29
@Haikyuu__nl 님 딥워터 호라이즌 개봉했어요!! 딜런 나오는거 딜!!런!!,2017-01-29
딥워터 호라이즌에 딜런 오브라이언 나오는데 얼굴에 기름칠하고 안전모에 안경써서 알아보기 힘들지만 귀엽다,2017-01-29
"볼영화 진짜많다...ㅎ 매기스 플랜.딥워터 호라이즌.발레리나 (데인 목소리들으러).스노든.퍼스널 쇼퍼.제리 맥과이어.문라이트.23아이텐티티 
썅 더큐어 보고싶다",2017-01-29
생각보다 잘 만들었다 사실 사건이 단순해서 영화로 만들기에 좀 사건이 단순한데 잘 이끌어갔다 사실 이정도 사고에서 ... <딥워터 호라이즌> #왓챠 http://watcha.net/movies/mqgt4k?unique_id=mqgt4k …,2017-01-29
레지던트 이블을 볼까...딥워터 호라이즌 볼까.....,2017-01-29
아 ㅅ바 ㅋㅋ ㅋ ㅋㅋㅋㅋ 딥워터 호라이즌 보는데 딜런 ㄴㅏ오는거 모르고 봣다가 어 머야 저거 딜런 아냐 ? 아닌가 하고 나와서 검색해보니까 딜런 맞네,2017-01-29
딥 워터 호라이즌 실화 바탕이라 그런지 꼼꼼하게 잘 만든 것 같다ㅠㅠ 보면서 우리나라가 미국처럼만 했으면 사람들 많이 구했을텐데 하고 비교도 많이 되고.. 근데 초반 지루함이 너무해 너무해 pic.twitter.com/Ny8Iyqseyj,2017-01-29
"아 맞다 
딥워터 호라이즌 번역하신 분이 데드풀 작업하셨던 분인데
설비나 장비 관련 전문용어들을 매끄럽게 번역하셨음

잘 찾아서 번역하시는데 사용하셔서 오역은 아니지만 되려 모르는 사람은 그게 어느 부분인데 할 수는 있겠지만 보기에는 편한 결과물임.",2017-01-29
딥워터 호라이즌은 뭔가 재난 영화라기보단 사고 그 자체에 초점을 맞췄다 해야하나.. 실제로 일어난 사고를 다룬거다 보니 다른 재난 영화처럼 스케일이 큰건 아닌데 사고가 일어나기 전에도 계속 긴장감이나 복선이 엄청나서 지루할 틈이 없었음,2017-01-29
[맥스무비 - 영화정보] 딥워터 호라이즌 http://m.maxmovie.com/movie/movie_info.asp?m_id=M000098555 …,2017-01-29
다음에는 딥워터호라이즌 본다,2017-01-29
"영화 딥워터 호라이즌 후기
바다에 있는 시츄선에서 유압역유로 폭발사고가 일어나는 이야기

1 폭발효과 최고  마이클베이 감독 울고감
2 극 사실주의 헬조선은 어디에나있다
3 판도라가 신파극을 입에 억지로 쑤셔 넣었다면 딥워터는 내가 찾아서 주워먹게 됨 pic.twitter.com/rPQ8iIUDXq",2017-01-29
ㅋㅋㅋㅋㅋ 딥워터 호라이즌?? 그거 언제 보러갈까 하긴 했는뎈ㅋㅋ,2017-01-29
<딥워터 호라이즌> 리뷰. http://omn.kr/m7w7 ,2017-01-30
[딥워터 호라이즌] - 사람 이야기가 빠지고  스펙타클만 남은 재난영화 http://blog.daum.net/jjooni73/4653 ,2017-01-30
딥워터 호라이즌 재난영화 본 분 있어여   ? 없겠지 ,2017-01-30
영화끝나고 집가는중! 딥워터 호라이즌 봤어! pic.twitter.com/fyTXXJKzPg,2017-01-30
딥워터호라이즌 볼건데 어머 딜런오브라이언나와 어머어머 삼님최애자나(?),2017-01-30
1월에 벌써 영화 4편봄!! 로그원/마스터/모아나/딥워터호라이즌 이중에선 로그원이 젤좋아따^-----^,2017-01-30
그러고보니 딥워터 호라이즌이 개봉했을 텐데? 해서 찾아보니 그나마 갈만한 곳에 막 24시 25시 상영 이러고 있다...;,2017-01-30
딥워터 호라이즌은 진짜 시간이 안맞아 못 가겠다...그나마 2월 1일이 마지막인듯,2017-01-30
"딥워터 호라이즌 보고왔는데
감상을 말할 수가 없다",2017-01-30
오늘 엄마랑 딥워터호라이즌 봄~~^.^/ 영화 넘좋아~~~영화관도 넘 좋아~~~,2017-01-30
딥워터호라이즌 봤다 딜런오브라이언 살아남나 죽나 보려고 계속 눈여겨봤는데 중간에 막 시추이수(?) 이런거 다 뒤집어써서 얼굴을 못알아보겠음 ㅋㅋㅋㅋㅋㅋㅋㅋㅋㅋㅋㅋㅋ 이름도 너무 많이 나와서 후반부 들어가서 딜런 이름 알았음 ㅋㅋㅋㅋ,2017-01-30
딜런 오브라이언(나중에 검색해 보고 나이가 너무 어려서 놀람) 나와서 보러 간 딥워터 호라이즌. 그냥 화면 보는 것만으로도 존무ㄷㄷ;;; 안타깝기도 하고 불쌍하기도 하고… 그럭저럭 볼만함. 평잼 pic.twitter.com/ZEnBOt59IR,2017-01-30
딥 워터 호라이즌 봤다... 텍사스 대학 장학금 받고 다녔다는 케일럽.. 엄마 말 듣지 그랬어 보면서 토매쓰의 모습을 전혀 못 찾아서 연기변신 너무 대단해 딜런..! 하고 감탄했다.. 동생은 마지막 씬 전까지 검댕이 범벅 딜런을 못 찾았다고..<<,2017-01-30
[맥스무비 - 영화정보] 딥워터 호라이즌 http://m.maxmovie.com/movie/movie_info.asp?m_id=M000098555 …,2017-01-30
헉 딥워터 호라이즌 보러갈까 혹시 조조영화 몇시까진지아시는분 ㅠ ㅠㅠ ㅠ,2017-01-30
딥워터 호라이즌 ㄴㄴ,2017-01-30
누구라도 예상 된 사고 (딥워터 호라이즌:2017) https://goo.gl/E0lkfC  #yesblog,2017-01-31
웅이가 그린 ＇딥워터 호라이즌＇호 http://blog.daum.net/jjooni73/4657 ,2017-01-31
[맥스무비 - 영화정보] 딥워터 호라이즌 http://m.maxmovie.com/movie/movie_info.asp?m_id=M000098555 …,2017-01-31
[KOFIC 주간 박스오피스 17/1/23~1/29] 1.공조 2.더 킹 3.모아나 4.레지던트 이블: 파멸의 날 5.너의 이름은. 6.라라랜드 7.터닝메카드W: 블랙미러의 부활 8.딥워터 호라이즌 9.짱구는 못말려 극장판 10.얼라이드,2017-01-31
아니 딜런아 내가 너에 대한 의리로 딥워터호라이즌도 봤다구...,2017-01-31
"맥모닝 먹다가 ""엄마가 놀랐다"" 문구에 깜놀ㅋ(화장 안한 내얼굴 보고 엄마가 놀라신줄^^)
20대랑 영화 고르기 참 어렵다네~~ㅋ딥워터 호라이즌?해양재난영화라니...내 스탈은 아니지만 방학알바 끝난... http://fb.me/5hKJi9KN8 ",2017-01-31
딥워터 호라이즌 봤는데  무슨 분노의역류 오마쥬도 아니고 넘넘 별루얌--^,2017-01-31
"딥워터 호라이즌.
절차를 무시하고 경제적 논리만으로 일을 처리했을때
재앙으로 다가오는 현실.
우리또한 많이 겪고있다. pic.twitter.com/U7aOVDWlSI",2017-01-31
딥워터호라이즌 보기전엔 오스카 시각효과상은 당연히 정글북이라고 확신했는데 이젠 아니다. 내가 심사위원이면 이작품에 한표 던지겠다. 오랜만에 좌절감을 준 놀라운 시각효과. 리얼함의 극단을 보여준다. 아..7광구 ㅠㅠ,2017-01-31
딥워터 호라이즌 보러왔는데 아침이라 그런지 상영관에 나밖에 없어!,2017-01-31
전 딥워터 호라이즌 볼 때도 10살 미만이 있었는데 잘 보더라고요(?),2017-01-31
딥워터호라이즌보고 점심으로 지지고를 먹을거야 그리고 시내를 돌아다니면서 사고싶은걸 살거다 ost 목걸이 그거 아직 19900원이려나 시내갈일 있는 사람 말해주셈 호호 영화보고나서 만나면되니까,2017-01-31
난 내일 딥워터 호라이즌을 보러가겠다 같이보러갈사람이라고 해봤자 없는거 안다 나랑 영화취향이 맞는사람은 나뿐이야 그리고 내주변사람들 아무도 아침에안일어남ㅎ,2017-01-31
요즘 영화재밋는거 1도안하는데 아빠가 억지로 데려가서 딥워터호라이즌? 봣는데 ㅈㄴ지루하고 재미도없고 감동도없어서 놀랏다,2017-01-31
딥워터 호라이즌도 재밌으면 볼려는데 이상하게 7광구가 떠올라서(...) 물론 내용은 아-주 다른거 알지만   재해영화 보기 힘들다..,2017-01-31
딥워터 호라이즌 지난주에 봤는데 딜런 분량 조금이라 아쉬웠어...ㅠ^ㅠ 그래도 연기하는 거 큰 스크린으로 봐서 넘 좋았다ㅠㅠㅠㅠㅠㅠㅠㅠㅠ 영화 자체는 평잼...?,2017-01-31
딥워터호라이즌 봤다 기름터지기 전까지는 조금 졸렸는데 기름 터지기 전에 본사 직원이랑 싸우는 장면부터 남의 나라 일 같지가 않아서 긴장하면서 봤네...딜런 오브라이언이 케일럽 역할인데 나오는건 아는데 역 이름을 몰라가지곸ㅋㅋㅋㅋ,2017-01-31
딥워터 호라이즌 언재볼까,2017-01-31
"모아나
딥 워터 호라이즌
매기스 플랜
재키
위켄즈
컨택트
레고무비
라이언
퍼스널 쇼퍼
23 아이덴티티
사일런스
핵소 고지
문라이트",2017-01-31
영화 딥워터 호라이즌 후기 http://movieing.tistory.com/3 ,2017-02-01
2017.01.31 딥워터 호라이즌 (Deepwater Horizon  2016) http://blog.naver.com/kliytej/220924885061 …,2017-02-01
딥워터호라이즌 너무 보고싶다ㅠㅠㅜㅜㅜㅠㅠ,2017-02-01
"<딥워터 호라이즌> 리뷰 이벤트 당첨자 발표

1. Yulhee Lee : http://bit.ly/2krdqXS 
2. 권수영 : http://bit.ly/2juQuYi 
3. 김한나 :... http://fb.me/5VXzSUT00 ",2017-02-01
다들 솔직히 말해봐 너네 딥워터호라이즌 뭔지도 모르지,2017-02-01
<딥워터 호라이즌> 제목만 들어서는 무슨 B급 공포영화 같은 느낌. 의외로 괜찮은 영화인데 안 된 이유 아닐까.,2017-02-01
아니 딥워터 호라이즌 너모 시한폭탄같았다 무슨 일이 터질 것 ㄷ같긴한데 언젠지 몰라  ,2017-02-01
ㅠ ㅠ 딜런 필모 뭐뭐있지? 스타일즈랑 노기츠네랑 어퍼탐하고 메런하고 인턴쉽하고 이번에 딥워터 호라이즌..,2017-02-01
"@dylanArriflex 딥워터 호라이즌 /케일럽
메이즈러너 /토마스 신청합니다!",2017-02-01
"딥워터호라이즌보고 왔어요!
와 징짜...
이 사건에 대해 관심있으셨던 분들은 한번씩 보는 것을 추천드려요
우리나라랑 미국이랑 위의 책임감이 얼마나 다른 지 알 수 있었다는게 유머(...)",2017-02-01
오늘의 영화: 재키 딥워터호라이즌 얼라이드,2017-02-01
딥워터호라이즌 재밌어여,2017-02-01
"재키: 나탈리 포트만 존나 예쁨 의상팀 열일 딱히 거대한 서사 없는데 집중하게 됨
딥워터 호라이즌: 눈물까지는 안 나는데 존나 펑펑 운 것처럼 기운 빠짐 간만에 웰메이드 재난영화 봄",2017-02-01
여기 딥워터 호라이즌 이틀하고 없어ㅠㅠㅠㅠㅠㅠ,2017-02-02
이 얼마나 급진적인 마음 내려놓기인지.. ㅋㅋ 너의 이름은.  얼라이드  모아나  딥워터 호라이즌... 이렇게 봤다. 다 재미있게 봤음. 다음주에 또 극장갈 일 있다. 내 사랑 k-stew 얼굴보러 가야함. ㅋㅋ,2017-02-02
[맥스무비 - 영화정보] 딥워터 호라이즌 http://m.maxmovie.com/movie/movie_info.asp?m_id=M000098555 … #맥스무비영화,2017-02-03
세월호와 꼭 닮은 '딥워터 호라이즌'호..해양재난영화의 표본 http://www.yachtpia.com/news/articleView.html?idxno=43048 …,2017-02-03
[이번주 영화] 딥워터 호라이즌  (출처 : 평택자치신.. | http://blog.naver.com/seo8587/220926315315 … 블로그) http://naver.me/GIS9EXXe ,2017-02-03
딥워터호라이즌이요!,2017-02-03
[맥스무비 - 영화정보] 딥워터 호라이즌 http://m.maxmovie.com/movie/movie_info.asp?m_id=M000098555 …,2017-02-04
"딥워터 호라이즌보고왔는데 나는 딜런옵이랑 재난장르보고왔는데 친구는 디게 지루해함 막 많이각색을하지 않아서 자극적인내용은 아니지만 폭발하는 퀄리티나 배우들의 연기력은 매우좋았음.
이제는 핵소고지 기다려야겠다★★ pic.twitter.com/surP5rqcRp",2017-02-04
영화 벌서 세편째네 ㅁㅏ크 윌벗ㄱ으 누군지 모르고 딜런만 보고 구입한 딥워터 호라이즌두...,2017-02-04
실화를 바탕으로 한 잘 만든 재난 영화. 잡다한 군더더기없이 재난 그 자체의 전후 얘기에 집중했다. <딥워터 호라이즌> #왓챠 http://watcha.net/movies/mqgt4k?unique_id=mqgt4k …,2017-02-04
집에서 티비로 딥워터호라이즌 보고 있습니다 너무 행복해,2017-02-04
"집에서 가족이랑 딥워터 호라이즌 보는데
나: 헉 이제 딜런 나온다
(나옴)
나: 귀여워
나: 헐 여기 진짜 꼭 봐야해 딜런 나와
(나옴)
나: 아 잘생겼다 너무 귀엽다
나: 헉 또 딜런 나온다 이제
(나옴)
나: 아 진짜 귀엽다
가족:",2017-02-04
[맥스무비 - 영화정보] 딥워터 호라이즌 http://m.maxmovie.com/movie/movie_info.asp?m_id=M000098555 …,2017-02-04
2017년 상반기 최고의 재난 영화 - 딥워터 호라이즌 http://blog.naver.com/yangsooyeol/220927991076 …,2017-02-05
[맥스무비 - 영화정보] 딥워터 호라이즌 http://m.maxmovie.com/movie/movie_info.asp?m_id=M000098555 … 1,2017-02-05
"[오늘의 한 줄·명언  2.6] ""네가 안 뛰면 나도 안 뛰어"" (딥워터 호라이즌)

http://www.munhwanews.com/news/articleView.html?idxno=37726 …
#문화생활엔_문화뉴스 #영화 #문화 pic.twitter.com/b0iZV2WL2J",2017-02-05
딥워터 호라이즌을 보았다. Oil & Gas 담당자로서 꼭 보아야겠다고 벼르고 있었는데 드디어. '10년 사고 이후 트랜스오션 주가는 박살났고  BP는 11년부터 고유가 수혜를 입어 주가 반등에 성공했다. 참고로 딥워터 호라이즌은 현대중공업 작품.,2017-02-05
2월 3일~4일 여론조사..아시아투데이 국민일보 의뢰..문재인 콘크리트 지지율은 딥워터 호라이즌 해수면 콘크리트랑 질적으로 틀려 결코 깨지는 법이 없을 것이니 헌재는 제발..빨리 국면을 수습하고 봄맞이 하자고 pic.twitter.com/QAPiOc0mOt,2017-02-05
금요일 이영음 오프닝은 <딥워터 호라이즌> 석유 시추선 엔지니어 마이크는 시간과 비용을 이유로 안전에 소홀한 회사에 분노를 느낍니다. 본사 관리자 돈은 잘 될거라 말해요. 희망은 전술이 아닙니다. 희망은 좋은 거지만 품기만 한다고 이뤄지는게 아니죠.,2017-02-05
"최근에 딥워터 호라이즌이라는 영화를 봤는데
역시 우리의 주적은 간부인것같...읍읍",2017-02-05
[맥스무비 - 영화정보] 딥워터 호라이즌 http://m.maxmovie.com/movie/movie_info.asp?m_id=M000098555 …,2017-02-06
"딥워터 호라이즌
평가 : 좋았어요
http://m.cgv.co.kr/WebAPP/MovieV4/MovieDetail.aspx?MovieIdx=79414 …
실화바탕 영화의 정석.",2017-02-07
딥워터호라이즌도 봐 비슷한 분노가 느껴져,2017-02-07
실화 <딥워터 호라이즌> 잘 만들었습니다. 오랜만에 괜찮은 재난 영화를 봤습니다. 태안 사고의 62배 규모 석유 유출(2억 천만 갤런)  승조원 11명 사망  시추선 폭발만 87일간 이어졌다고 합니다. 역시 과정의 망각  사람 욕심이 낸 사고였습니다. pic.twitter.com/2pINZKVhE5,2017-02-07
딥워터 호라이즌 봐야돼.... 우리 딜런 봐야돼.....,2017-02-08
딥워터 호라이즌 (출처 : 네이버 영화) http://naver.me/IM30pA5o  벌써 다운로드 나왔구나,2017-02-08
"딥워터 호라이즌 (2016)
사상 최악의 해양 재난이 발생한 상황의 다양한 사람들의 모습을 보여준다.
실제 사건이지만 긴장감이 뛰어나다.
#딥워터호라이즌 #피터버그 #마크월버그 #딜런오브라이언 #케이트허드슨 #커트러셀 #지나로드리게즈 #존말코비치",2017-02-08
그나저나 딥워터 호라이즌에서 딜런 오브라이언 나온다길래 약간 맨캔디같은 역할을 하지 않을까하는 기대를 품었었는데  그것은 꿈일 뿐이었다.,2017-02-08
딥워터 호라이즌... 번역이 마음에 든다 싶었는데 황석희님이었군. 사는동안 많이 버세요  번역가님.,2017-02-08
딥워터호라이즌 보고 싶은데 여기 개봉 날짜도 안 뜬 듯,2017-02-08
딥워터 호라이즌 영화 보러 갈려면 11kmㅋㅋㅋㅋㅋㅋㅋ 그것도 심야야ㅋㅋㅋㅋㅋㅋ 아니면 15km라니.... btv에서 못보나.... 네이버 영화에는 떴을까...,2017-02-08
딥워터 호라이즌ㅋㅋㅋㅋㅋㅋㅋ,2017-02-08
딥워터호라이즌 봤는데 흐읍.....딜런......디ㄹ러런........영화초반엔 좀 어려운데 뒤로 갈수록 재미썼다..그리구 생각보다 영화가 짧다...그래서 다 짧게 느껴진다...........,2017-02-08
재밌게본건 다 뽑을거같아여 ㅋㅋㅋㅋㅋㅋ 컨택트랑 딥워터호라이즌도......,2017-02-08
각본이 코엔 형제고  감독은 현재 후보가 로스트 인 더스트 감독인 데이비드 맥켄지  딥 워터 호라이즌 감독 피터 버그 감독으로 좁혀졌다는데... 일단 살짝 안심도 되고... 잘만 뽑아주십셔..,2017-02-11
보고 나서 실망한 최근 영화는 무엇인가요? — 딥워터 호라이즌..비슷하게 노잼이고 빻을거라면 감독 에고라도 극단적으로 드러나서 호불호 갈릴만큼 우스꽝스러운 과장된 요소라도 있어야하는데(돈옵저라던가) 이건 … http://l.ask.fm/igoto/45DKECN75V62DDAUPY6IQO7O5SMTZIYUQ7QLLWXCJ6S2J7FI2AT5AJKQFZH4QQZTL63PUFQJIZSTKFAU34N7A55YPPSKNTBAUYOADFKYCASCGMX5GWID6KPLQSVKBSDZSKQY2H2QZTGX7K4GJSNBWTLK67BSL4ET2LHV77K3QK236UUDLFOUVQHX5FR2P3XGTIUKEOQF7U====== …,2017-02-12
[맥스무비 - 영화정보] 딥워터 호라이즌 http://m.maxmovie.com/movie/movie_info.asp?m_id=M000098555 …,2017-02-13
거의 극장에서 내리기 직전에 본 듯한 <딥워터 호라이즌> 잘 만들었고 재밌는데  미국에서도 우리나라에서도 흥행은 안된듯하다. 폭발장면 실감나면서 화끈하게 존나 잘 찍었구요  배우들 연기 당연히 좋구요  메시지 전달도 잘하고  신파도 거의 없음,2017-02-13
'딥 워터 호라이즌' 초반 설명 너무 긴 거 빼고 중후반 재난 현장 연출 좋았다. 지나친 오열 신파가 없는 대신 다 같이 무릎 꿇고 신에게 기도하는 장면이 있다. 흔한 미국 아저씨처럼 분장한 커트 러셀이랑 존 말코비치 못 알아 볼 뻔.,2017-02-14
[개봉작 프리뷰 - 볼까? 말까?] ‘딥워터 호라이즌’ (2016 / 미국 / 피터 버그) http://www.news2day.co.kr/n_news/news/view.html?no=87549 …,2017-02-15
저 그 영화 두편에 멘탈적 쌍욕을 먹은 기분이라 딥워터호라이즌 못보고잇음,2017-02-15
"<딥워터 호라이즌> VFX 브레이크다운 by ILM

http://vfxteam.tistory.com/234 

제 15회 'VES 어워드'에서 최우수 장편 영화 VFX 서포트 부문과 최우수... http://fb.me/2EZ1j8MrF ",2017-02-17
딥워터호라이즌 보는데 이건 뭐 진짜 어마어마함,2017-02-17
딥워터 호라이즌 벌써 구글스토어에서 4500원밖에 안해..? 이거 개쩝니다 꼭 보세여,2017-02-18
딥워터호라이즌에 신나하고 있는 것임,2017-02-18
[ #꿈을꾸는파랑새 ]멕시코 만 석유 유출사태 을 배경인 영화-딥워터 호라이즌 호(The Deepwater Horizon 2016) http://wezard4u.tistory.com/4192 ,2017-02-19
"2017 관람영화
로그원 마스터 모아나 딥워터호라이즌 컨택트 명탐정코난에피소드원
볼 예정 영화
핵소고지.....또 뭐있나..기억이...;; 사일런스....왠지 보게될듯....ㅜㅡㅜ?",2017-02-19
이름은 딜런 오브라이언이고 메이즈러너시리즈에 나왔고 틴울프도나오고 최근에 다쳤고(ㅠㅠ) 딥워터호라이즌에도 나왔어요ㅠㅠ 토브생도 있어 토브생도 봐줘요ㅠㅠ pic.twitter.com/3lciw1aOPx,2017-02-21
지금 방에서 아빠랑 딥워터 호라이즌 보는데 역시 나는 외국영화랑 안맞아....아니 하이틴이나 로맨스 이런건 잘 보는데 이런건 안맞아...,2017-02-21
딥 워터 호라이즌 딜런 나오는데 극장에서 못봐서 지금 다운받아 보는데  생각보다 잘 만들은것 같은걸..? 포스터가 잘못했네 흑흑,2017-02-22
[IPTV 및 디지털케이블TV 영화VOD 일간이용순위 17/2/20] 1.더 킹 2.모아나(더빙) 3.닥터 스트레인지 4.어쌔신 크리드 5.패신저스 6.마스터 7.신비한 동물 사전 8.판도라 9.딥워터 호라이즌 10.여교사,2017-02-23
